subject	session	task	run	n_samples	missing_samples	missing_pct	interpolated_samples	interpolated_pct	missing_reason	loss_rate	loss_event_count	loss_gap_len_mean	loss_gap_len_median	loss_gap_len_std	loss_gap_len_cv	loss_gap_len_p90	loss_gap_len_max	contig_run_len_mean	contig_run_len_std	contig_run_len_cv
sub-monkeyc	ses-day48	sep	run-01	63645	598	0.94	598	0.94	occasional packet loss due to varying wireless conditions	0.009396	312	1.917	2	0.466	0.243	2	4	201.428	181.234	0.9
sub-monkeyc	ses-day48	sep	run-02	38617	1099	2.85	1099	2.85	occasional packet loss due to varying wireless conditions	0.028459	366	3.003	2	2.619	0.872	4	26	102.229	159.509	1.56
sub-monkeyc	ses-day48	sep	run-03	56843	1311	2.31	1311	2.31	occasional packet loss due to varying wireless conditions	0.023064	647	2.026	2	0.459	0.227	2	6	85.698	78.518	0.916
sub-monkeyc	ses-day48	sep	run-04	40211	1523	3.79	1523	3.79	occasional packet loss due to varying wireless conditions	0.037875	749	2.033	2	0.394	0.194	2	4	51.584	49.082	0.951
sub-monkeyc	ses-day53	rest	run-01	183475	3659	1.99	3659	1.99	occasional packet loss due to varying wireless conditions	0.019943	1693	2.161	2	1.174	0.543	2	12	106.149	91.846	0.865
sub-monkeyc	ses-day53	pressing	run-01	648437	15503	2.39	15503	2.39	occasional packet loss due to varying wireless conditions	0.023908	6596	2.35	2	1.552	0.66	2	24	95.943	81.652	0.851
sub-monkeyc	ses-day53	pressing	run-02	529667	13193	2.49	13193	2.49	occasional packet loss due to varying wireless conditions	0.024908	4938	2.672	2	18.943	7.09	2	1328	104.571	94.428	0.903
sub-monkeyc	ses-day53	pressing	run-03	356121	2396	0.67	2396	0.67	occasional packet loss due to varying wireless conditions	0.006728	1261	1.9	2	0.57	0.3	2	6	280.289	304.382	1.086
sub-monkeyc	ses-day57	rest	run-01	184265	3500	1.9	3500	1.9	occasional packet loss due to varying wireless conditions	0.018994	1662	2.106	2	1.023	0.486	2	20	108.698	97.277	0.895
sub-monkeyc	ses-day57	pressing	run-01	443505	4792	1.08	4792	1.08	occasional packet loss due to varying wireless conditions	0.010805	2372	2.02	2	2.038	1.009	2	68	184.877	204.471	1.106
sub-monkeyc	ses-day57	pressing	run-02	698645	11687	1.67	11687	1.67	occasional packet loss due to varying wireless conditions	0.016728	5479	2.133	2	1.132	0.531	2	20	125.357	99.097	0.791
sub-monkeyc	ses-day57	pressing	run-03	233787	4964	2.12	4964	2.12	occasional packet loss due to varying wireless conditions	0.021233	1907	2.603	2	18.601	7.146	2	812	119.928	146.306	1.22
sub-monkeyc	ses-day75	rest	run-01	181991	6056	3.33	6056	3.33	occasional packet loss due to varying wireless conditions	0.033276	2901	2.088	2	0.608	0.291	2	10	60.625	75.944	1.253
sub-monkeyc	ses-day75	pressing	run-01	508793	16997	3.34	16997	3.34	occasional packet loss due to varying wireless conditions	0.033407	7652	2.221	2	1.436	0.646	2	54	64.262	83.72	1.303
sub-monkeyc	ses-day75	pressing	run-02	341841	8576	2.51	8576	2.51	occasional packet loss due to varying wireless conditions	0.025088	3824	2.243	2	2.924	1.304	2	156	87.128	124.371	1.427
sub-monkeyc	ses-day77	rest	run-01	181565	1594	0.88	1594	0.88	occasional packet loss due to varying wireless conditions	0.008779	853	1.869	2	0.398	0.213	2	4	210.739	213.749	1.014
sub-monkeyc	ses-day77	rest	run-02	184135	1157	0.63	1157	0.63	occasional packet loss due to varying wireless conditions	0.006283	619	1.869	2	0.515	0.276	2	6	295.126	325.953	1.104
sub-monkeyc	ses-day82	rest	run-01	122755	2388	1.95	2388	1.95	occasional packet loss due to varying wireless conditions	0.019453	1099	2.173	2	0.888	0.409	2	10	109.425	153.289	1.401
sub-monkeyc	ses-day82	pressing	run-01	577139	2924	0.51	2924	0.51	occasional packet loss due to varying wireless conditions	0.005066	1580	1.851	2	0.602	0.325	2	10	363.197	373.91	1.029
sub-monkeyc	ses-day85	rest	run-01	181446	1159	0.64	1159	0.64	occasional packet loss due to varying wireless conditions	0.006388	623	1.86	2	0.437	0.235	2	4	288.921	281.394	0.974
sub-monkeyc	ses-day91	rest	run-01	193647	1576	0.81	1576	0.81	occasional packet loss due to varying wireless conditions	0.008139	840	1.876	2	0.469	0.25	2	4	228.384	242.273	1.061
sub-monkeyc	ses-day91	pressing	run-01	900299	7034	0.78	7034	0.78	occasional packet loss due to varying wireless conditions	0.007813	3740	1.881	2	0.437	0.232	2	4	238.777	260.158	1.09
sub-monkeyc	ses-day91	pressing	run-02	539843	5201	0.96	5201	0.96	occasional packet loss due to varying wireless conditions	0.009634	2756	1.887	2	0.443	0.235	2	4	193.922	201.599	1.04
sub-monkeyc	ses-day95	rest	run-01	183054	2091	1.14	2091	1.14	occasional packet loss due to varying wireless conditions	0.011423	1085	1.927	2	0.373	0.194	2	4	166.633	181.607	1.09
sub-monkeyc	ses-day95	pressing	run-01	121338	1829	1.51	1829	1.51	occasional packet loss due to varying wireless conditions	0.015074	940	1.946	2	0.333	0.171	2	4	127.002	134.414	1.058
sub-monkeyc	ses-day95	pressing	run-02	887771	4949	0.56	4949	0.56	occasional packet loss due to varying wireless conditions	0.005575	2712	1.825	2	0.47	0.258	2	8	325.404	328.485	1.009
sub-monkeyc	ses-day98	rest	run-01	181955	1579	0.87	1579	0.87	occasional packet loss due to varying wireless conditions	0.008678	844	1.871	2	0.359	0.192	2	4	213.463	232.436	1.089
sub-monkeyc	ses-day102	rest	run-01	183623	2153	1.17	2153	1.17	occasional packet loss due to varying wireless conditions	0.011725	1089	1.977	2	0.682	0.345	2	10	166.486	177.592	1.067
sub-monkeyc	ses-day105	rest	run-01	180727	3135	1.73	3135	1.73	occasional packet loss due to varying wireless conditions	0.017347	1452	2.159	2	1.381	0.64	2	16	122.224	134.077	1.097
sub-monkeyc	ses-day105	rest	run-02	299261	1823	0.61	1823	0.61	occasional packet loss due to varying wireless conditions	0.006092	1018	1.791	2	0.444	0.248	2	4	291.892	289.352	0.991
sub-monkeyc	ses-day110	rest	run-01	184275	3293	1.79	3293	1.79	occasional packet loss due to varying wireless conditions	0.01787	1651	1.995	2	0.461	0.231	2	10	109.553	116.449	1.063
sub-monkeyc	ses-day113	rest	run-01	184223	2086	1.13	2086	1.13	occasional packet loss due to varying wireless conditions	0.011323	1077	1.937	2	0.415	0.214	2	6	168.958	174.069	1.03
sub-monkeyc	ses-day117	rest	run-01	183949	1450	0.79	1450	0.79	occasional packet loss due to varying wireless conditions	0.007883	770	1.883	2	0.413	0.219	2	4	236.704	238.384	1.007
sub-monkeyc	ses-day120	rest	run-01	181773	1348	0.74	1348	0.74	occasional packet loss due to varying wireless conditions	0.007416	726	1.857	2	0.362	0.195	2	4	248.177	290.253	1.17
sub-monkeyc	ses-day123	rest	run-01	182101	1309	0.72	1309	0.72	occasional packet loss due to varying wireless conditions	0.007188	712	1.838	2	0.453	0.247	2	4	253.565	284.913	1.124
sub-monkeyc	ses-day123	rest	run-02	191775	1981	1.03	1981	1.03	occasional packet loss due to varying wireless conditions	0.01033	1035	1.914	2	0.387	0.202	2	4	183.199	195.268	1.066
sub-monkeyc	ses-day130	rest	run-01	104685	1615	1.54	1615	1.54	occasional packet loss due to varying wireless conditions	0.015427	830	1.946	2	0.378	0.194	2	6	124.031	131.313	1.059
sub-monkeyc	ses-day130	rest	run-02	181933	1468	0.81	1468	0.81	occasional packet loss due to varying wireless conditions	0.008069	792	1.854	2	0.419	0.226	2	4	227.573	226.805	0.997
sub-monkeyc	ses-day138	rest	run-01	188307	903	0.48	903	0.48	occasional packet loss due to varying wireless conditions	0.004795	514	1.757	2	0.534	0.304	2	4	363.891	348.362	0.957
sub-monkeyc	ses-day141	rest	run-01	182255	2008	1.1	2008	1.1	occasional packet loss due to varying wireless conditions	0.011018	1041	1.929	2	0.36	0.187	2	4	172.982	197.573	1.142
sub-monkeyc	ses-day141	rest	run-02	340496	2600	0.76	2600	0.76	occasional packet loss due to varying wireless conditions	0.007636	1369	1.899	2	0.521	0.275	2	8	246.639	285.697	1.158
sub-monkeyc	ses-day147	rest	run-01	188489	1963	1.04	1963	1.04	occasional packet loss due to varying wireless conditions	0.010414	973	2.017	2	2.88	1.428	2	86	191.505	235.555	1.23
sub-monkeyc	ses-day152	rest	run-01	184921	1057	0.57	1057	0.57	occasional packet loss due to varying wireless conditions	0.005716	583	1.813	2	0.44	0.242	2	4	314.836	320.214	1.017
sub-monkeyc	ses-day159	rest	run-01	183243	1761	0.96	1761	0.96	occasional packet loss due to varying wireless conditions	0.00961	935	1.883	2	0.34	0.181	2	4	193.891	202.958	1.047
sub-monkeyc	ses-day159	listening	run-01	366467	2858	0.78	2858	0.78	occasional packet loss due to varying wireless conditions	0.007799	1528	1.87	2	0.437	0.234	2	10	237.808	251.361	1.057
sub-monkeyc	ses-day159	listening	run-02	363307	1888	0.52	1888	0.52	occasional packet loss due to varying wireless conditions	0.005197	1062	1.778	2	0.511	0.288	2	6	339.999	333.406	0.981
sub-monkeyc	ses-day159	listening	run-03	484841	3959	0.82	3959	0.82	occasional packet loss due to varying wireless conditions	0.008166	2105	1.881	2	0.719	0.382	2	22	228.339	235.229	1.03
sub-monkeyc	ses-day159	listening	run-04	367457	3140	0.85	3140	0.85	occasional packet loss due to varying wireless conditions	0.008545	1625	1.932	2	1.236	0.64	2	48	224.057	224.053	1
sub-monkeyc	ses-day159	listening	run-05	361581	2187	0.6	2187	0.6	occasional packet loss due to varying wireless conditions	0.006048	1020	2.144	2	4.059	1.893	2	98	352.002	389.651	1.107
sub-monkeyc	ses-day159	listening	run-06	353407	1491	0.42	1491	0.42	occasional packet loss due to varying wireless conditions	0.004219	837	1.781	2	0.68	0.382	2	16	419.947	407.956	0.971
sub-monkeyc	ses-day159	listening	run-07	368157	3360	0.91	3360	0.91	occasional packet loss due to varying wireless conditions	0.009127	1753	1.917	2	0.545	0.284	2	14	207.98	224.121	1.078
sub-monkeyc	ses-day162	rest	run-01	182957	898	0.49	898	0.49	occasional packet loss due to varying wireless conditions	0.004908	505	1.778	2	0.51	0.287	2	4	359.8	400.38	1.113
sub-monkeyc	ses-day162	listening	run-01	367663	1665	0.45	1665	0.45	occasional packet loss due to varying wireless conditions	0.004529	895	1.86	2	1.363	0.732	2	22	408.48	384.328	0.941
sub-monkeyc	ses-day162	listening	run-02	363853	1704	0.47	1704	0.47	occasional packet loss due to varying wireless conditions	0.004683	958	1.779	2	0.43	0.242	2	4	377.632	388.868	1.03
sub-monkeyc	ses-day162	listening	run-03	358315	1030	0.29	1030	0.29	occasional packet loss due to varying wireless conditions	0.002875	625	1.648	2	0.549	0.333	2	4	570.743	545.507	0.956
sub-monkeyc	ses-day162	listening	run-04	362527	1111	0.31	1111	0.31	occasional packet loss due to varying wireless conditions	0.003065	686	1.62	2	0.523	0.323	2	6	526.079	521.948	0.992
sub-monkeyc	ses-day162	listening	run-05	360114	1905	0.53	1905	0.53	occasional packet loss due to varying wireless conditions	0.00529	1049	1.816	2	0.438	0.241	2	4	341.151	348.136	1.02
sub-monkeyc	ses-day162	listening	run-06	360419	1475	0.41	1475	0.41	occasional packet loss due to varying wireless conditions	0.004092	835	1.766	2	0.836	0.473	2	22	429.359	442.215	1.03
sub-monkeyc	ses-day162	listening	run-07	364065	1449	0.4	1449	0.4	occasional packet loss due to varying wireless conditions	0.00398	827	1.752	2	0.443	0.253	2	4	437.942	421.681	0.963
sub-monkeyc	ses-day166	rest	run-01	198933	1873	0.94	1873	0.94	occasional packet loss due to varying wireless conditions	0.009415	976	1.919	2	0.57	0.297	2	12	201.699	208.314	1.033
sub-monkeyc	ses-day166	listening	run-01	364639	2854	0.78	2854	0.78	occasional packet loss due to varying wireless conditions	0.007827	1515	1.884	2	0.422	0.224	2	4	238.644	258.482	1.083
sub-monkeyc	ses-day166	listening	run-02	356315	1528	0.43	1528	0.43	occasional packet loss due to varying wireless conditions	0.004288	822	1.859	2	3.114	1.675	2	74	431.09	396.819	0.921
sub-monkeyc	ses-day166	listening	run-03	361809	1706	0.47	1706	0.47	occasional packet loss due to varying wireless conditions	0.004715	954	1.788	2	0.448	0.25	2	4	377.071	379.296	1.006
sub-monkeyc	ses-day166	listening	run-04	356909	2020	0.57	2020	0.57	occasional packet loss due to varying wireless conditions	0.00566	1103	1.831	2	0.473	0.258	2	6	321.457	325.85	1.014
sub-monkeyc	ses-day166	listening	run-05	381451	2102	0.55	2102	0.55	occasional packet loss due to varying wireless conditions	0.005511	1181	1.78	2	0.521	0.293	2	8	320.938	323.962	1.009
sub-monkeyc	ses-day166	listening	run-06	360739	1752	0.49	1752	0.49	occasional packet loss due to varying wireless conditions	0.004857	994	1.763	2	0.446	0.253	2	4	360.791	375.818	1.042
sub-monkeyc	ses-day169	rest	run-01	217125	1923	0.89	1923	0.89	occasional packet loss due to varying wireless conditions	0.008857	1016	1.893	2	0.362	0.191	2	4	211.605	217.119	1.026
sub-monkeyc	ses-day169	listening	run-01	363371	1121	0.31	1121	0.31	occasional packet loss due to varying wireless conditions	0.003085	665	1.686	2	0.496	0.294	2	4	543.919	542.313	0.997
sub-monkeyc	ses-day169	listening	run-02	362483	2134	0.59	2134	0.59	occasional packet loss due to varying wireless conditions	0.005887	1165	1.832	2	0.409	0.223	2	4	309.047	310.653	1.005
sub-monkeyc	ses-day169	listening	run-03	367490	2509	0.68	2509	0.68	occasional packet loss due to varying wireless conditions	0.006827	1262	1.988	2	1.466	0.737	2	28	288.979	369.219	1.278
sub-monkeyc	ses-day169	listening	run-04	359897	1791	0.5	1791	0.5	occasional packet loss due to varying wireless conditions	0.004976	955	1.875	2	1.69	0.901	2	40	374.588	370.266	0.988
sub-monkeyc	ses-day169	listening	run-05	349539	1248	0.36	1248	0.36	occasional packet loss due to varying wireless conditions	0.00357	728	1.714	2	0.464	0.271	2	4	477.765	476.399	0.997
sub-monkeyc	ses-day169	listening	run-06	352049	2688	0.76	2688	0.76	occasional packet loss due to varying wireless conditions	0.007635	1437	1.871	2	0.393	0.21	2	4	242.949	235.473	0.969
sub-monkeyc	ses-day169	listening	run-07	405361	4035	1	4035	1	occasional packet loss due to varying wireless conditions	0.009954	2141	1.885	2	0.407	0.216	2	4	187.36	189.365	1.011
sub-monkeyc	ses-day169	listening	run-08	350769	1962	0.56	1962	0.56	occasional packet loss due to varying wireless conditions	0.005593	1107	1.772	2	0.444	0.251	2	4	314.808	322.678	1.025
sub-monkeyc	ses-day169	listening	run-09	351229	2643	0.75	2643	0.75	occasional packet loss due to varying wireless conditions	0.007525	1355	1.951	2	0.82	0.421	2	10	257.069	310.604	1.208
sub-monkeyc	ses-day174	rest	run-01	182819	834	0.46	834	0.46	occasional packet loss due to varying wireless conditions	0.004562	471	1.771	2	0.477	0.269	2	4	385.561	372.098	0.965
sub-monkeyc	ses-day174	rest	run-02	186851	1720	0.92	1720	0.92	occasional packet loss due to varying wireless conditions	0.009205	891	1.93	2	0.707	0.366	2	16	207.546	230.462	1.11
sub-monkeyc	ses-day180	rest	run-01	183621	1194	0.65	1194	0.65	occasional packet loss due to varying wireless conditions	0.006503	647	1.845	2	0.519	0.281	2	6	281.523	299.938	1.065
sub-monkeyc	ses-day180	listening	run-01	365407	3610	0.99	3610	0.99	occasional packet loss due to varying wireless conditions	0.009879	1879	1.921	2	0.615	0.32	2	20	192.445	205.765	1.069
sub-monkeyc	ses-day180	listening	run-02	352441	2695	0.76	2695	0.76	occasional packet loss due to varying wireless conditions	0.007647	1382	1.95	2	1.585	0.813	2	56	252.889	255.181	1.009
sub-monkeyc	ses-day183	rest	run-01	216055	1814	0.84	1814	0.84	occasional packet loss due to varying wireless conditions	0.008396	931	1.948	2	0.681	0.349	2	12	229.872	249.894	1.087
sub-monkeyc	ses-day183	rest	run-02	181727	636	0.35	636	0.35	occasional packet loss due to varying wireless conditions	0.0035	367	1.733	2	0.576	0.332	2	6	492.095	437.436	0.889
sub-monkeyc	ses-day187	rest	run-01	20403	481	2.36	481	2.36	occasional packet loss due to varying wireless conditions	0.023575	243	1.979	2	0.439	0.222	2	6	81.648	74.417	0.911
sub-monkeyc	ses-day190	rest	run-01	121219	1328	1.1	1328	1.1	occasional packet loss due to varying wireless conditions	0.010955	699	1.9	2	0.398	0.21	2	4	171.273	179.946	1.051
sub-monkeyc	ses-day190	rest	run-02	184447	1394	0.76	1394	0.76	occasional packet loss due to varying wireless conditions	0.007558	744	1.874	2	0.392	0.209	2	4	245.709	238.13	0.969
sub-monkeyc	ses-day190	rest	run-03	181005	688	0.38	688	0.38	occasional packet loss due to varying wireless conditions	0.003801	392	1.755	2	0.48	0.274	2	4	458.822	505.962	1.103
sub-monkeyc	ses-day195	rest	run-01	154883	2000	1.29	2000	1.29	occasional packet loss due to varying wireless conditions	0.012913	1012	1.976	2	0.455	0.23	2	6	150.921	192.707	1.277
sub-monkeyc	ses-day197	rest	run-01	183403	1877	1.02	1877	1.02	occasional packet loss due to varying wireless conditions	0.010234	989	1.898	2	0.369	0.194	2	4	183.36	190.858	1.041
sub-monkeyc	ses-day197	pressing	run-01	674501	5779	0.86	5779	0.86	occasional packet loss due to varying wireless conditions	0.008568	3009	1.921	2	0.565	0.294	2	16	222.167	243.442	1.096
sub-monkeyc	ses-day197	pressing	run-02	790905	3255	0.41	3255	0.41	occasional packet loss due to varying wireless conditions	0.004116	1897	1.716	2	0.521	0.304	2	8	414.989	405.457	0.977
sub-monkeyc	ses-day197	pressing	run-03	1417665	16975	1.2	16975	1.2	occasional packet loss due to varying wireless conditions	0.011974	8816	1.925	2	0.688	0.358	2	48	158.862	165.141	1.04
sub-monkeyc	ses-day208	rest	run-01	189026	1596	0.84	1596	0.84	occasional packet loss due to varying wireless conditions	0.008443	839	1.902	2	0.45	0.237	2	8	223.131	242.644	1.087
sub-monkeyc	ses-day208	pressing	run-01	671934	5456	0.81	5456	0.81	occasional packet loss due to varying wireless conditions	0.00812	2899	1.882	2	0.439	0.233	2	8	229.82	242.127	1.054
sub-monkeyc	ses-day208	pressing	run-02	790825	4286	0.54	4286	0.54	occasional packet loss due to varying wireless conditions	0.00542	2351	1.823	2	0.503	0.276	2	8	334.413	326.594	0.977
sub-monkeyc	ses-day208	pressing	run-03	946739	5450	0.58	5450	0.58	occasional packet loss due to varying wireless conditions	0.005757	2978	1.83	2	0.59	0.322	2	20	315.975	338.495	1.071
sub-monkeyc	ses-day211	rest	run-01	191399	2166	1.13	2166	1.13	occasional packet loss due to varying wireless conditions	0.011317	1139	1.902	2	0.374	0.196	2	4	165.994	166.944	1.006
sub-monkeyc	ses-day211	pressing	run-01	1127621	5389	0.48	5389	0.48	occasional packet loss due to varying wireless conditions	0.004779	3021	1.784	2	0.449	0.252	2	4	371.354	351.698	0.947
sub-monkeyc	ses-day211	pressing	run-02	682719	5764	0.84	5764	0.84	occasional packet loss due to varying wireless conditions	0.008443	3045	1.893	2	0.433	0.229	2	8	222.244	236.733	1.065
sub-monkeyc	ses-day218	rest	run-01	183883	1003	0.55	1003	0.55	occasional packet loss due to varying wireless conditions	0.005455	564	1.778	2	0.44	0.248	2	4	323.681	300.423	0.928
sub-monkeyc	ses-day218	pressing	run-01	1056006	11815	1.12	11815	1.12	occasional packet loss due to varying wireless conditions	0.011188	6212	1.902	2	0.397	0.209	2	6	168.066	169.61	1.009
sub-monkeyc	ses-day218	pressing	run-02	1256431	10099	0.8	10099	0.8	occasional packet loss due to varying wireless conditions	0.008038	5297	1.907	2	1.167	0.612	2	54	235.246	254.338	1.081
sub-monkeyc	ses-day225	rest	run-01	138867	1659	1.19	1659	1.19	occasional packet loss due to varying wireless conditions	0.011947	865	1.918	2	0.418	0.218	2	6	158.439	166.476	1.051
sub-monkeyc	ses-day225	rest	run-02	204513	2526	1.24	2526	1.24	occasional packet loss due to varying wireless conditions	0.012351	1293	1.954	2	0.455	0.233	2	6	156.095	168.551	1.08
sub-monkeyc	ses-day225	pressing	run-01	970073	6476	0.67	6476	0.67	occasional packet loss due to varying wireless conditions	0.006676	3403	1.903	2	0.872	0.458	2	34	283.078	296.644	1.048
sub-monkeyc	ses-day225	pressing	run-02	1028175	7796	0.76	7796	0.76	occasional packet loss due to varying wireless conditions	0.007582	4087	1.908	2	1.603	0.84	2	86	249.603	258.083	1.034
sub-monkeyc	ses-day225	listening	run-01	359445	2512	0.7	2512	0.7	occasional packet loss due to varying wireless conditions	0.006989	1376	1.826	2	0.451	0.247	2	4	259.211	275.201	1.062
sub-monkeyc	ses-day225	listening	run-02	354599	1869	0.53	1869	0.53	occasional packet loss due to varying wireless conditions	0.005271	1053	1.775	2	0.523	0.294	2	6	334.658	313.244	0.936
sub-monkeyc	ses-day229	rest	run-01	186693	1999	1.07	1999	1.07	occasional packet loss due to varying wireless conditions	0.010707	1026	1.948	2	0.484	0.248	2	8	179.838	192.373	1.07
sub-monkeyc	ses-day229	sep	run-01	180909	1629	0.9	1629	0.9	occasional packet loss due to varying wireless conditions	0.009005	870	1.872	2	0.508	0.272	2	8	205.832	204.583	0.994
sub-monkeyc	ses-day229	sep	run-02	156882	1141	0.73	1141	0.73	occasional packet loss due to varying wireless conditions	0.007273	609	1.874	2	0.475	0.253	2	6	255.313	244.526	0.958
sub-monkeyc	ses-day229	reaching	run-01	578975	3995	0.69	3995	0.69	occasional packet loss due to varying wireless conditions	0.0069	2189	1.825	2	0.436	0.239	2	6	262.548	259.121	0.987
sub-monkeyc	ses-day229	reaching	run-02	492699	5588	1.13	5588	1.13	occasional packet loss due to varying wireless conditions	0.011342	2915	1.917	2	0.67	0.35	2	30	167.048	168.826	1.011
sub-monkeyc	ses-day237	rest	run-01	193471	1659	0.86	1659	0.86	occasional packet loss due to varying wireless conditions	0.008575	891	1.862	2	0.408	0.219	2	4	215.036	218.105	1.014
sub-monkeyc	ses-day237	pressing	run-01	730304	3483	0.48	3483	0.48	occasional packet loss due to varying wireless conditions	0.004769	2012	1.731	2	0.478	0.276	2	6	361.064	364.415	1.009
sub-monkeyc	ses-day244	rest	run-01	181381	1957	1.08	1957	1.08	occasional packet loss due to varying wireless conditions	0.010789	1017	1.924	2	0.417	0.217	2	6	176.251	181.665	1.031
sub-monkeyc	ses-day244	pressing	run-01	1550518	12535	0.81	12535	0.81	occasional packet loss due to varying wireless conditions	0.008084	6664	1.881	2	0.403	0.214	2	8	230.755	231.698	1.004
sub-monkeyc	ses-day246	rest	run-01	182301	1465	0.8	1465	0.8	occasional packet loss due to varying wireless conditions	0.008036	778	1.883	2	0.409	0.217	2	4	232.139	227.665	0.981
sub-monkeyc	ses-day246	reaching	run-01	419593	2787	0.66	2787	0.66	occasional packet loss due to varying wireless conditions	0.006642	1529	1.823	2	0.472	0.259	2	4	272.422	276.591	1.015
sub-monkeyc	ses-day246	reaching	run-02	521211	3300	0.63	3300	0.63	occasional packet loss due to varying wireless conditions	0.006331	1778	1.856	2	0.438	0.236	2	4	291.125	303.379	1.042
sub-monkeyc	ses-day246	listening	run-01	468217	2850	0.61	2850	0.61	occasional packet loss due to varying wireless conditions	0.006087	1543	1.847	2	0.561	0.304	2	14	301.403	303.475	1.007
sub-monkeyc	ses-day246	listening	run-02	467447	2413	0.52	2413	0.52	occasional packet loss due to varying wireless conditions	0.005162	1328	1.817	2	0.524	0.288	2	6	349.913	368.332	1.053
sub-monkeyc	ses-day246	listening	run-03	461397	3113	0.67	3113	0.67	occasional packet loss due to varying wireless conditions	0.006747	1712	1.818	2	0.422	0.232	2	4	267.533	264.285	0.988
sub-monkeyc	ses-day246	listening	run-04	465059	3568	0.77	3568	0.77	occasional packet loss due to varying wireless conditions	0.007672	1938	1.841	2	0.428	0.232	2	4	238.005	250.431	1.052
sub-monkeyc	ses-day246	listening	run-05	457951	3308	0.72	3308	0.72	occasional packet loss due to varying wireless conditions	0.007223	1774	1.865	2	0.42	0.225	2	6	256.137	264.397	1.032
sub-monkeyc	ses-day250	rest	run-01	187407	1234	0.66	1234	0.66	occasional packet loss due to varying wireless conditions	0.006585	673	1.834	2	0.442	0.241	2	4	276.221	271.797	0.984
sub-monkeyc	ses-day250	rest	run-02	180659	714	0.4	714	0.4	occasional packet loss due to varying wireless conditions	0.003952	411	1.737	2	0.57	0.328	2	6	436.76	442.381	1.013
sub-monkeyc	ses-day250	sep	run-01	142138	999	0.7	999	0.7	occasional packet loss due to varying wireless conditions	0.007028	534	1.871	2	0.541	0.289	2	10	263.811	274.786	1.042
sub-monkeyc	ses-day250	sep	run-02	113407	873	0.77	873	0.77	occasional packet loss due to varying wireless conditions	0.007698	463	1.886	2	0.423	0.224	2	4	242.53	254.577	1.05
sub-monkeyc	ses-day253	rest	run-01	180779	1613	0.89	1613	0.89	occasional packet loss due to varying wireless conditions	0.008922	850	1.898	2	0.4	0.211	2	4	210.536	218.321	1.037
sub-monkeyc	ses-day253	pressing	run-01	1498839	11833	0.79	11833	0.79	occasional packet loss due to varying wireless conditions	0.007895	6312	1.875	2	0.394	0.21	2	6	235.547	238.303	1.012
sub-monkeyc	ses-day257	rest	run-01	181013	1134	0.63	1134	0.63	occasional packet loss due to varying wireless conditions	0.006265	609	1.862	2	0.504	0.27	2	6	294.884	310.677	1.054
sub-monkeyc	ses-day257	sep	run-01	125438	1211	0.97	1211	0.97	occasional packet loss due to varying wireless conditions	0.009654	625	1.938	2	0.54	0.279	2	8	198.446	185.222	0.933
sub-monkeyc	ses-day257	sep	run-02	103796	603	0.58	603	0.58	occasional packet loss due to varying wireless conditions	0.005809	312	1.933	2	0.692	0.358	2	6	329.69	395.288	1.199
sub-monkeyc	ses-day260	rest	run-01	181597	1008	0.56	1008	0.56	occasional packet loss due to varying wireless conditions	0.005551	549	1.836	2	0.525	0.286	2	6	328.344	306.888	0.935
sub-monkeyc	ses-day260	reaching	run-01	411951	3300	0.8	3300	0.8	occasional packet loss due to varying wireless conditions	0.008011	1740	1.897	2	0.466	0.246	2	4	234.722	252.984	1.078
sub-monkeyc	ses-day260	reaching	run-02	372098	1738	0.47	1738	0.47	occasional packet loss due to varying wireless conditions	0.004671	976	1.781	2	0.487	0.273	2	6	379.079	351.813	0.928
sub-monkeyc	ses-day260	reaching	run-03	411749	7332	1.78	7332	1.78	occasional packet loss due to varying wireless conditions	0.017807	3746	1.957	2	0.393	0.201	2	8	107.931	113.284	1.05
sub-monkeyc	ses-day265	rest	run-01	369707	3311	0.9	3311	0.9	occasional packet loss due to varying wireless conditions	0.008956	1746	1.896	2	0.39	0.206	2	4	209.729	213.39	1.017
sub-monkeyc	ses-day265	listening	run-01	496179	5068	1.02	5068	1.02	occasional packet loss due to varying wireless conditions	0.010214	2627	1.929	2	0.421	0.218	2	6	186.876	201.114	1.076
sub-monkeyc	ses-day265	listening	run-02	517309	4322	0.84	4322	0.84	occasional packet loss due to varying wireless conditions	0.008355	2263	1.91	2	0.483	0.253	2	6	226.584	249.832	1.103
sub-monkeyc	ses-day265	listening	run-03	487087	5096	1.05	5096	1.05	occasional packet loss due to varying wireless conditions	0.010462	2588	1.969	2	1.219	0.619	2	58	186.169	196.696	1.057
sub-monkeyc	ses-day265	listening	run-04	558733	4668	0.84	4668	0.84	occasional packet loss due to varying wireless conditions	0.008355	2454	1.902	2	0.457	0.24	2	6	225.688	226.159	1.002
sub-monkeyc	ses-day265	listening	run-05	642745	6657	1.04	6657	1.04	occasional packet loss due to varying wireless conditions	0.010357	3384	1.967	2	0.674	0.343	2	14	187.914	262.918	1.399
sub-monkeyc	ses-day265	listening	run-06	691393	4194	0.61	4194	0.61	occasional packet loss due to varying wireless conditions	0.006066	2235	1.877	2	0.558	0.297	2	8	307.334	312.288	1.016
sub-monkeyc	ses-day267	rest	run-01	181884	1478	0.81	1478	0.81	occasional packet loss due to varying wireless conditions	0.008126	777	1.902	2	0.457	0.24	2	6	231.884	231.976	1
sub-monkeyc	ses-day267	pressing	run-01	1643400	9797	0.6	9797	0.6	occasional packet loss due to varying wireless conditions	0.005961	5397	1.815	2	0.513	0.282	2	6	302.631	304.122	1.005
sub-monkeyc	ses-day274	rest	run-01	183323	2000	1.09	2000	1.09	occasional packet loss due to varying wireless conditions	0.01091	1042	1.919	2	0.391	0.204	2	6	173.848	174.985	1.007
sub-monkeyc	ses-day274	pressing	run-01	998625	8654	0.87	8654	0.87	occasional packet loss due to varying wireless conditions	0.008666	4577	1.891	2	0.395	0.209	2	6	216.245	215.193	0.995
sub-monkeyc	ses-day274	pressing	run-02	286699	2119	0.74	2119	0.74	occasional packet loss due to varying wireless conditions	0.007391	1122	1.889	2	1.069	0.566	2	32	253.411	265.828	1.049
sub-monkeyc	ses-day277	rest	run-01	208037	1799	0.86	1799	0.86	occasional packet loss due to varying wireless conditions	0.008648	949	1.896	2	0.417	0.22	2	4	217.093	238.485	1.099
sub-monkeyc	ses-day277	pressing	run-01	1526769	19349	1.27	19349	1.27	occasional packet loss due to varying wireless conditions	0.012673	9591	2.017	2	2.668	1.323	2	236	157.154	182.117	1.159
sub-monkeyc	ses-day279	rest	run-01	232277	1491	0.64	1491	0.64	occasional packet loss due to varying wireless conditions	0.006419	808	1.845	2	0.439	0.238	2	4	285.273	278.078	0.975
sub-monkeyc	ses-day279	reaching	run-01	506641	3766	0.74	3766	0.74	occasional packet loss due to varying wireless conditions	0.007433	2019	1.865	2	0.414	0.222	2	6	248.948	260.279	1.046
sub-monkeyc	ses-day279	reaching	run-02	658629	3555	0.54	3555	0.54	occasional packet loss due to varying wireless conditions	0.005398	1958	1.816	2	0.473	0.261	2	4	334.392	321.096	0.96
sub-monkeyc	ses-day279	listening	run-01	735727	3743	0.51	3743	0.51	occasional packet loss due to varying wireless conditions	0.005087	2065	1.813	2	0.489	0.27	2	6	354.3	347.882	0.982
sub-monkeyc	ses-day279	listening	run-02	488341	6670	1.37	6670	1.37	occasional packet loss due to varying wireless conditions	0.013658	3467	1.924	2	0.379	0.197	2	4	138.89	174.6	1.257
sub-monkeyc	ses-day279	listening	run-03	678963	3257	0.48	3257	0.48	occasional packet loss due to varying wireless conditions	0.004797	1811	1.798	2	0.45	0.25	2	4	372.906	389.069	1.043
sub-monkeyc	ses-day279	listening	run-04	477693	2275	0.48	2275	0.48	occasional packet loss due to varying wireless conditions	0.004762	1276	1.783	2	0.445	0.25	2	4	372.293	384.982	1.034
sub-monkeyc	ses-day279	listening	run-05	474077	2468	0.52	2468	0.52	occasional packet loss due to varying wireless conditions	0.005206	1344	1.836	2	0.548	0.299	2	8	350.639	374.712	1.069
sub-monkeyc	ses-day279	listening	run-06	549135	3406	0.62	3406	0.62	occasional packet loss due to varying wireless conditions	0.006202	1814	1.878	2	1.517	0.808	2	54	300.677	336.871	1.12
sub-monkeyc	ses-day281	rest	run-01	199857	1636	0.82	1636	0.82	occasional packet loss due to varying wireless conditions	0.008186	872	1.876	2	0.404	0.216	2	4	227.057	229.621	1.011
sub-monkeyc	ses-day281	pressing	run-01	366039	2472	0.68	2472	0.68	occasional packet loss due to varying wireless conditions	0.006753	1282	1.928	2	1.032	0.535	2	22	283.373	335.195	1.183
sub-monkeyc	ses-day281	pressing	run-02	744507	5344	0.72	5344	0.72	occasional packet loss due to varying wireless conditions	0.007178	2767	1.931	2	0.699	0.362	2	14	267.039	279.256	1.046
sub-monkeyc	ses-day284	rest	run-01	163211	2050	1.26	2050	1.26	occasional packet loss due to varying wireless conditions	0.01256	1052	1.949	2	0.403	0.207	2	6	153.049	166.872	1.09
sub-monkeyc	ses-day284	reaching	run-01	957867	4757	0.5	4757	0.5	occasional packet loss due to varying wireless conditions	0.004966	2665	1.785	2	0.448	0.251	2	4	357.506	364.686	1.02
sub-monkeyc	ses-day284	reaching	run-02	500467	2460	0.49	2460	0.49	occasional packet loss due to varying wireless conditions	0.004915	1374	1.79	2	0.476	0.266	2	4	362.187	341.874	0.944
sub-monkeyc	ses-day284	reaching	run-03	491227	4514	0.92	4514	0.92	occasional packet loss due to varying wireless conditions	0.009189	2386	1.892	2	0.385	0.204	2	6	203.902	202.324	0.992
sub-monkeyc	ses-day284	listening	run-01	611362	4915	0.8	4915	0.8	occasional packet loss due to varying wireless conditions	0.008039	2606	1.886	2	0.42	0.223	2	6	232.623	237.424	1.021
sub-monkeyc	ses-day284	listening	run-02	286345	3974	1.39	3974	1.39	occasional packet loss due to varying wireless conditions	0.013878	1250	3.179	2	44.343	13.948	2	1570	225.716	240.41	1.065
sub-monkeyc	ses-day284	listening	run-03	542437	3534	0.65	3534	0.65	occasional packet loss due to varying wireless conditions	0.006515	1922	1.839	2	0.52	0.283	2	6	280.241	285.64	1.019
sub-monkeyc	ses-day284	listening	run-04	525217	3805	0.72	3805	0.72	occasional packet loss due to varying wireless conditions	0.007245	2069	1.839	2	0.43	0.234	2	6	251.89	253.213	1.005
sub-monkeyc	ses-day284	listening	run-05	493779	2818	0.57	2818	0.57	occasional packet loss due to varying wireless conditions	0.005707	1541	1.829	2	0.437	0.239	2	5	318.392	321.639	1.01
sub-monkeyc	ses-day284	listening	run-06	510015	4459	0.87	4459	0.87	occasional packet loss due to varying wireless conditions	0.008743	2302	1.937	2	0.646	0.333	2	12	219.521	251.069	1.144
sub-monkeyc	ses-day286	rest	run-01	300865	1669	0.55	1669	0.55	occasional packet loss due to varying wireless conditions	0.005547	914	1.826	2	0.557	0.305	2	8	326.99	335.136	1.025
sub-monkeyc	ses-day286	pressing	run-01	2480981	12976	0.52	12976	0.52	occasional packet loss due to varying wireless conditions	0.00523	7299	1.778	2	0.521	0.293	2	6	338.083	335.561	0.993
sub-monkeyc	ses-day288	rest	run-01	184563	1206	0.65	1206	0.65	occasional packet loss due to varying wireless conditions	0.006534	656	1.838	2	0.396	0.215	2	4	279.082	281.622	1.009
sub-monkeyc	ses-day293	rest	run-01	257663	2413	0.94	2413	0.94	occasional packet loss due to varying wireless conditions	0.009365	1253	1.926	2	0.44	0.228	2	6	203.549	218.55	1.074
sub-monkeyc	ses-day293	reaching	run-01	711573	6503	0.91	6503	0.91	occasional packet loss due to varying wireless conditions	0.009139	3377	1.926	2	0.568	0.295	2	14	208.724	221.051	1.059
sub-monkeyc	ses-day293	reaching	run-02	623323	3930	0.63	3930	0.63	occasional packet loss due to varying wireless conditions	0.006305	2126	1.849	2	0.457	0.247	2	6	291.205	275.027	0.944
sub-monkeyc	ses-day293	reaching	run-03	556119	4421	0.79	4421	0.79	occasional packet loss due to varying wireless conditions	0.00795	2358	1.875	2	0.421	0.225	2	4	233.869	238.113	1.018
sub-monkeyc	ses-day293	listening	run-01	468221	3289	0.7	3289	0.7	occasional packet loss due to varying wireless conditions	0.007024	1761	1.868	2	0.494	0.265	2	10	263.866	275.358	1.044
sub-monkeyc	ses-day293	listening	run-02	261375	3801	1.45	3801	1.45	occasional packet loss due to varying wireless conditions	0.014542	961	3.955	2	53.702	13.577	2	1658	267.748	274.117	1.024
sub-monkeyc	ses-day293	listening	run-03	481145	3288	0.68	3288	0.68	occasional packet loss due to varying wireless conditions	0.006834	1607	2.046	2	2.868	1.402	2	78	297.175	314.02	1.057
sub-monkeyc	ses-day293	listening	run-04	486095	2571	0.53	2571	0.53	occasional packet loss due to varying wireless conditions	0.005289	1417	1.814	2	0.454	0.25	2	4	340.99	322.187	0.945
sub-monkeyc	ses-day293	listening	run-05	496417	2512	0.51	2512	0.51	occasional packet loss due to varying wireless conditions	0.00506	1393	1.803	2	0.458	0.254	2	4	354.308	342.418	0.966
sub-monkeyc	ses-day293	listening	run-06	534791	3330	0.62	3330	0.62	occasional packet loss due to varying wireless conditions	0.006227	1768	1.883	2	1.953	1.037	2	66	300.43	296.59	0.987
sub-monkeyc	ses-day295	rest	run-01	198603	1048	0.53	1048	0.53	occasional packet loss due to varying wireless conditions	0.005277	576	1.819	2	0.451	0.248	2	4	342.383	332.548	0.971
sub-monkeyc	ses-day295	pressing	run-01	332684	8281	2.49	8281	2.49	occasional packet loss due to varying wireless conditions	0.024891	4056	2.042	2	0.897	0.439	2	32	79.961	82.689	1.034
sub-monkeyc	ses-day295	pressing	run-02	1075667	6643	0.62	6643	0.62	occasional packet loss due to varying wireless conditions	0.006176	3695	1.798	2	0.446	0.248	2	4	289.238	296.188	1.024
sub-monkeyc	ses-day298	rest	run-01	249619	2024	0.81	2024	0.81	occasional packet loss due to varying wireless conditions	0.008108	1084	1.867	2	0.481	0.258	2	6	228.198	230.818	1.011
sub-monkeyc	ses-day298	pressing	run-01	1370937	8081	0.59	8081	0.59	occasional packet loss due to varying wireless conditions	0.005895	4418	1.829	2	0.451	0.247	2	4	308.408	309.194	1.003
sub-monkeyc	ses-day300	rest	run-01	180515	1358	0.75	1358	0.75	occasional packet loss due to varying wireless conditions	0.007523	726	1.871	2	0.555	0.297	2	8	246.433	240.405	0.976
sub-monkeyc	ses-day300	sep	run-01	72965	895	1.23	895	1.23	occasional packet loss due to varying wireless conditions	0.012266	461	1.941	2	0.517	0.267	2	6	155.996	141.636	0.908
sub-monkeyc	ses-day300	sep	run-02	72665	795	1.09	795	1.09	occasional packet loss due to varying wireless conditions	0.010941	401	1.983	2	1.367	0.689	2	28	178.781	224.252	1.254
sub-monkeyc	ses-day301	rest	run-01	228591	1917	0.84	1917	0.84	occasional packet loss due to varying wireless conditions	0.008386	1024	1.872	2	0.405	0.217	2	4	221.145	230.025	1.04
sub-monkeyc	ses-day301	pressing	run-01	2212199	17793	0.8	17793	0.8	occasional packet loss due to varying wireless conditions	0.008043	9525	1.868	2	0.652	0.349	2	32	230.36	241.434	1.048
sub-monkeyc	ses-day301	listening	run-01	464719	4892	1.05	4892	1.05	occasional packet loss due to varying wireless conditions	0.010527	2557	1.913	2	0.56	0.292	2	20	179.76	204.576	1.138
sub-monkeyc	ses-day301	listening	run-02	632971	2142	0.34	2142	0.34	occasional packet loss due to varying wireless conditions	0.003384	1257	1.704	2	0.484	0.284	2	4	501.454	511.148	1.019
sub-monkeyc	ses-day301	listening	run-03	490831	3056	0.62	3056	0.62	occasional packet loss due to varying wireless conditions	0.006226	1661	1.84	2	0.412	0.224	2	6	293.487	291.622	0.994
sub-monkeyc	ses-day301	listening	run-04	596079	3931	0.66	3931	0.66	occasional packet loss due to varying wireless conditions	0.006595	2133	1.843	2	0.427	0.232	2	6	277.483	282.884	1.019
sub-monkeyc	ses-day305	rest	run-01	252043	1774	0.7	1774	0.7	occasional packet loss due to varying wireless conditions	0.007038	907	1.956	2	1.755	0.897	2	36	275.627	272.515	0.989
sub-monkeyc	ses-day305	pressing	run-01	274287	3163	1.15	3163	1.15	occasional packet loss due to varying wireless conditions	0.011532	893	3.542	2	51.047	14.412	2	1528	303.271	319.846	1.055
sub-monkeyc	ses-day305	pressing	run-02	1744589	9583	0.55	9583	0.55	occasional packet loss due to varying wireless conditions	0.005493	5398	1.775	2	0.467	0.263	2	4	321.357	312.303	0.972
sub-monkeyc	ses-day307	rest	run-01	217899	1446	0.66	1446	0.66	occasional packet loss due to varying wireless conditions	0.006636	781	1.851	2	0.387	0.209	2	4	276.794	275.935	0.997
sub-monkeyc	ses-day307	reaching	run-01	665482	4943	0.74	4943	0.74	occasional packet loss due to varying wireless conditions	0.007428	2641	1.872	2	0.433	0.231	2	6	250.015	251.55	1.006
sub-monkeyc	ses-day307	reaching	run-02	739438	3768	0.51	3768	0.51	occasional packet loss due to varying wireless conditions	0.005096	2092	1.801	2	0.443	0.246	2	4	351.491	346.909	0.987
sub-monkeyc	ses-day307	listening	run-01	474703	4096	0.86	4096	0.86	occasional packet loss due to varying wireless conditions	0.008629	2173	1.885	2	0.392	0.208	2	4	216.471	217.242	1.004
sub-monkeyc	ses-day307	listening	run-02	475313	2410	0.51	2410	0.51	occasional packet loss due to varying wireless conditions	0.00507	1346	1.79	2	0.449	0.251	2	4	351.079	342.204	0.975
sub-monkeyc	ses-day307	listening	run-03	468427	3459	0.74	3459	0.74	occasional packet loss due to varying wireless conditions	0.007384	1859	1.861	2	0.413	0.222	2	4	249.983	242.673	0.971
sub-monkeyc	ses-day307	listening	run-04	491809	3548	0.72	3548	0.72	occasional packet loss due to varying wireless conditions	0.007214	1910	1.858	2	0.414	0.223	2	6	255.5	242.265	0.948
sub-monkeyc	ses-day308	rest	run-01	202269	871	0.43	871	0.43	occasional packet loss due to varying wireless conditions	0.004306	494	1.763	2	0.491	0.279	2	4	406.865	364.77	0.897
sub-monkeyc	ses-day308	pressing	run-01	1735059	19194	1.11	19194	1.11	occasional packet loss due to varying wireless conditions	0.011062	9776	1.963	2	1.136	0.579	2	74	175.5	199.195	1.135
sub-monkeyc	ses-day312	rest	run-01	255381	1691	0.66	1691	0.66	occasional packet loss due to varying wireless conditions	0.006621	932	1.814	2	0.413	0.228	2	4	271.908	323.238	1.189
sub-monkeyc	ses-day312	pressing	run-01	1162557	12315	1.06	12315	1.06	occasional packet loss due to varying wireless conditions	0.010593	5415	2.274	2	24.992	10.989	2	1840	212.379	226.8	1.068
sub-monkeyc	ses-day312	pressing	run-02	794603	4798	0.6	4798	0.6	occasional packet loss due to varying wireless conditions	0.006038	2623	1.829	2	0.427	0.233	2	4	300.993	295.782	0.983
sub-monkeyc	ses-day315	rest	run-01	265599	1908	0.72	1908	0.72	occasional packet loss due to varying wireless conditions	0.007184	1022	1.867	2	0.422	0.226	2	4	257.762	272.968	1.059
sub-monkeyc	ses-day315	pressing	run-01	702937	8445	1.2	8445	1.2	occasional packet loss due to varying wireless conditions	0.012014	4333	1.949	2	0.606	0.311	2	28	160.243	171.354	1.069
sub-monkeyc	ses-day315	pressing	run-02	585073	6716	1.15	6716	1.15	occasional packet loss due to varying wireless conditions	0.011479	2761	2.432	2	24.453	10.053	2	1284	209.398	214.38	1.024
sub-monkeyc	ses-day315	listening	run-01	491053	3450	0.7	3450	0.7	occasional packet loss due to varying wireless conditions	0.007026	1869	1.846	2	0.415	0.225	2	4	260.75	263.382	1.01
sub-monkeyc	ses-day315	listening	run-02	468385	2837	0.61	2837	0.61	occasional packet loss due to varying wireless conditions	0.006057	1501	1.89	2	1.578	0.835	2	60	309.952	306.832	0.99
sub-monkeyc	ses-day315	listening	run-03	476445	3621	0.76	3621	0.76	occasional packet loss due to varying wireless conditions	0.0076	1935	1.871	2	0.421	0.225	2	6	244.227	247.198	1.012
sub-monkeyc	ses-day315	listening	run-04	503171	3412	0.68	3412	0.68	occasional packet loss due to varying wireless conditions	0.006781	1848	1.846	2	0.418	0.226	2	6	270.286	274.737	1.016
sub-monkeyc	ses-day319	rest	run-01	256434	1511	0.59	1511	0.59	occasional packet loss due to varying wireless conditions	0.005892	821	1.84	2	0.515	0.28	2	6	310.125	306.568	0.989
sub-monkeyc	ses-day319	pressing	run-01	1565669	10032	0.64	10032	0.64	occasional packet loss due to varying wireless conditions	0.006407	5538	1.811	2	0.472	0.26	2	4	280.852	274.17	0.976
sub-monkeyc	ses-day321	rest	run-01	212359	1910	0.9	1910	0.9	occasional packet loss due to varying wireless conditions	0.008994	1019	1.874	2	0.46	0.246	2	6	206.323	232.163	1.125
sub-monkeyc	ses-day321	reaching	run-01	206329	3141	1.52	3141	1.52	occasional packet loss due to varying wireless conditions	0.015223	706	4.449	2	66.367	14.917	2	1766	287.395	312.446	1.087
sub-monkeyc	ses-day321	reaching	run-02	497369	3638	0.73	3638	0.73	occasional packet loss due to varying wireless conditions	0.007314	1958	1.858	2	0.429	0.231	2	4	252.032	253.066	1.004
sub-monkeyc	ses-day321	reaching	run-03	923802	5782	0.63	5782	0.63	occasional packet loss due to varying wireless conditions	0.006259	3130	1.847	2	0.44	0.238	2	4	293.203	290.228	0.99
sub-monkeyc	ses-day321	listening	run-01	455659	3675	0.81	3675	0.81	occasional packet loss due to varying wireless conditions	0.008065	1959	1.876	2	0.361	0.192	2	4	230.604	244.779	1.061
sub-monkeyc	ses-day321	listening	run-02	487577	4429	0.91	4429	0.91	occasional packet loss due to varying wireless conditions	0.009084	2335	1.897	2	0.384	0.202	2	4	206.827	215.327	1.041
sub-monkeyc	ses-day321	listening	run-03	461473	2460	0.53	2460	0.53	occasional packet loss due to varying wireless conditions	0.005331	1355	1.815	2	0.637	0.351	2	10	338.505	355.579	1.05
sub-monkeyc	ses-day321	listening	run-04	464127	2438	0.53	2438	0.53	occasional packet loss due to varying wireless conditions	0.005253	1349	1.807	2	0.439	0.243	2	4	341.992	351.534	1.028
sub-monkeyc	ses-day322	rest	run-01	250259	1699	0.68	1699	0.68	occasional packet loss due to varying wireless conditions	0.006789	899	1.89	2	0.532	0.281	2	6	276.178	283.507	1.027
sub-monkeyc	ses-day322	pressing	run-01	320281	3430	1.07	3430	1.07	occasional packet loss due to varying wireless conditions	0.010709	1205	2.846	2	33.644	11.82	2	1170	262.729	268.757	1.023
sub-monkeyc	ses-day322	pressing	run-02	870187	7999	0.92	7999	0.92	occasional packet loss due to varying wireless conditions	0.009192	4231	1.891	2	0.402	0.212	2	6	203.731	215.946	1.06
sub-monkeyc	ses-day326	rest	run-01	205513	1603	0.78	1603	0.78	occasional packet loss due to varying wireless conditions	0.0078	865	1.853	2	0.411	0.222	2	4	235.462	244.304	1.038
sub-monkeyc	ses-day326	pressing	run-01	1271883	10898	0.86	10898	0.86	occasional packet loss due to varying wireless conditions	0.008568	5775	1.887	2	0.396	0.21	2	8	218.315	227.379	1.042
sub-monkeyc	ses-day328	rest	run-01	212387	920	0.43	920	0.43	occasional packet loss due to varying wireless conditions	0.004332	516	1.783	2	0.478	0.268	2	4	409.027	388.656	0.95
sub-monkeyc	ses-day328	pressing	run-01	1252813	10106	0.81	10106	0.81	occasional packet loss due to varying wireless conditions	0.008067	5383	1.877	2	0.41	0.218	2	6	230.815	235.448	1.02
sub-monkeyc	ses-day328	listening	run-01	614521	6761	1.1	6761	1.1	occasional packet loss due to varying wireless conditions	0.011002	3542	1.909	2	0.436	0.228	2	6	171.538	182.034	1.061
sub-monkeyc	ses-day328	listening	run-02	463121	3458	0.75	3458	0.75	occasional packet loss due to varying wireless conditions	0.007467	1861	1.858	2	0.546	0.294	2	10	246.865	251.403	1.018
sub-monkeyc	ses-day328	listening	run-03	462047	2920	0.63	2920	0.63	occasional packet loss due to varying wireless conditions	0.00632	1610	1.814	2	0.447	0.247	2	4	284.995	289.986	1.018
sub-monkeyc	ses-day328	listening	run-04	473821	4030	0.85	4030	0.85	occasional packet loss due to varying wireless conditions	0.008505	2139	1.884	2	0.386	0.205	2	4	219.529	223.191	1.017
sub-monkeyc	ses-day333	rest	run-01	186191	2497	1.34	2497	1.34	occasional packet loss due to varying wireless conditions	0.013411	955	2.615	2	2.371	0.907	4	30	192.149	273.61	1.424
sub-monkeyc	ses-day334	rest	run-01	198525	1302	0.66	1302	0.66	occasional packet loss due to varying wireless conditions	0.006558	703	1.852	2	0.434	0.235	2	4	280.146	291.407	1.04
sub-monkeyc	ses-day334	reaching	run-01	394243	1854	0.47	1854	0.47	occasional packet loss due to varying wireless conditions	0.004703	1049	1.767	2	0.57	0.323	2	8	373.704	357.14	0.956
sub-monkeyc	ses-day334	reaching	run-02	602173	4826	0.8	4826	0.8	occasional packet loss due to varying wireless conditions	0.008014	2581	1.87	2	0.39	0.208	2	4	231.351	233.133	1.008
sub-monkeyc	ses-day334	listening	run-01	509315	2115	0.42	2115	0.42	occasional packet loss due to varying wireless conditions	0.004153	1203	1.758	2	0.493	0.281	2	4	421.262	420.821	0.999
sub-monkeyc	ses-day334	listening	run-02	491418	2380	0.48	2380	0.48	occasional packet loss due to varying wireless conditions	0.004843	1329	1.791	2	0.452	0.253	2	4	367.698	365.456	0.994
sub-monkeyc	ses-day334	listening	run-03	507247	2492	0.49	2492	0.49	occasional packet loss due to varying wireless conditions	0.004913	1394	1.788	2	0.429	0.24	2	4	361.832	353.832	0.978
sub-monkeyc	ses-day334	listening	run-04	467571	4977	1.06	4977	1.06	occasional packet loss due to varying wireless conditions	0.010644	2597	1.916	2	0.385	0.201	2	4	178.058	180.513	1.014
sub-monkeyc	ses-day334	pressing	run-01	568045	4522	0.8	4522	0.8	occasional packet loss due to varying wireless conditions	0.007961	2346	1.928	2	0.733	0.38	2	14	240.104	295.573	1.231
sub-monkeyc	ses-day334	pressing	run-02	1307269	8657	0.66	8657	0.66	occasional packet loss due to varying wireless conditions	0.006622	4397	1.969	2	1.161	0.59	2	18	295.273	354.194	1.2
sub-monkeyc	ses-day335	rest	run-01	181945	1215	0.67	1215	0.67	occasional packet loss due to varying wireless conditions	0.006678	667	1.822	2	0.451	0.248	2	4	270.554	279.525	1.033
sub-monkeyc	ses-day335	sep	run-01	69073	502	0.73	502	0.73	occasional packet loss due to varying wireless conditions	0.007268	271	1.852	2	0.385	0.208	2	4	252.099	255.162	1.012
sub-monkeyc	ses-day335	sep	run-02	95311	690	0.72	690	0.72	occasional packet loss due to varying wireless conditions	0.007239	374	1.845	2	0.404	0.219	2	4	252.323	251.616	0.997
sub-monkeyc	ses-day341	rest	run-01	256973	2308	0.9	2308	0.9	occasional packet loss due to varying wireless conditions	0.008981	1227	1.881	2	0.418	0.222	2	4	207.382	213.738	1.031
sub-monkeyc	ses-day341	pressing	run-01	1220357	20782	1.7	20782	1.7	occasional packet loss due to varying wireless conditions	0.017029	10372	2.004	2	0.642	0.32	2	28	115.644	164.075	1.419
sub-monkeyc	ses-day341	pressing	run-02	1345393	10904	0.81	10904	0.81	occasional packet loss due to varying wireless conditions	0.008105	5771	1.889	2	0.706	0.374	2	44	231.2	241.78	1.046
sub-monkeyc	ses-day342	rest	run-01	245183	2159	0.88	2159	0.88	occasional packet loss due to varying wireless conditions	0.008806	1160	1.861	2	0.434	0.233	2	4	209.323	218.743	1.045
sub-monkeyc	ses-day342	reaching	run-01	446995	3607	0.81	3607	0.81	occasional packet loss due to varying wireless conditions	0.008069	1910	1.888	2	0.44	0.233	2	6	232.019	242.386	1.045
sub-monkeyc	ses-day342	reaching	run-02	666843	4535	0.68	4535	0.68	occasional packet loss due to varying wireless conditions	0.006801	2401	1.889	2	0.824	0.436	2	30	275.732	286.174	1.038
sub-monkeyc	ses-day342	listening	run-01	498835	3354	0.67	3354	0.67	occasional packet loss due to varying wireless conditions	0.006724	1807	1.856	2	0.433	0.233	2	4	274.049	280.94	1.025
sub-monkeyc	ses-day342	listening	run-02	482607	2200	0.46	2200	0.46	occasional packet loss due to varying wireless conditions	0.004559	1199	1.835	2	0.786	0.429	2	14	400.339	427.502	1.068
sub-monkeyc	ses-day342	listening	run-03	464933	2562	0.55	2562	0.55	occasional packet loss due to varying wireless conditions	0.00551	1398	1.833	2	0.764	0.417	2	24	330.501	314.459	0.951
sub-monkeyc	ses-day342	listening	run-04	510735	3389	0.66	3389	0.66	occasional packet loss due to varying wireless conditions	0.006636	1821	1.861	2	0.437	0.235	2	6	278.456	288.732	1.037
sub-monkeyc	ses-day343	rest	run-01	247225	1687	0.68	1687	0.68	occasional packet loss due to varying wireless conditions	0.006824	922	1.83	2	0.432	0.236	2	4	266.022	244.804	0.92
sub-monkeyc	ses-day343	pressing	run-01	1355307	8530	0.63	8530	0.63	occasional packet loss due to varying wireless conditions	0.006294	4720	1.807	2	0.454	0.251	2	4	285.274	275.382	0.965
sub-monkeyc	ses-day348	rest	run-01	213824	1206	0.56	1206	0.56	occasional packet loss due to varying wireless conditions	0.00564	653	1.847	2	0.49	0.265	2	4	325.104	309.714	0.953
sub-monkeyc	ses-day348	pressing	run-01	504039	2787	0.55	2787	0.55	occasional packet loss due to varying wireless conditions	0.005529	1534	1.817	2	0.493	0.272	2	6	326.549	335.071	1.026
sub-monkeyc	ses-day348	pressing	run-02	861895	3270	0.38	3270	0.38	occasional packet loss due to varying wireless conditions	0.003794	1774	1.843	2	2.042	1.108	2	46	483.732	500.014	1.034
sub-monkeyc	ses-day350	rest	run-01	218649	1603	0.73	1603	0.73	occasional packet loss due to varying wireless conditions	0.007331	847	1.893	2	0.511	0.27	2	6	255.95	268.178	1.048
sub-monkeyc	ses-day350	pressing	run-01	633358	3199	0.51	3199	0.51	occasional packet loss due to varying wireless conditions	0.005051	1812	1.765	2	0.487	0.276	2	8	347.578	335.571	0.965
sub-monkeyc	ses-day350	listening	run-01	483985	3578	0.74	3578	0.74	occasional packet loss due to varying wireless conditions	0.007393	1942	1.842	2	0.449	0.244	2	4	247.25	248.594	1.005
sub-monkeyc	ses-day350	listening	run-02	481019	3424	0.71	3424	0.71	occasional packet loss due to varying wireless conditions	0.007118	1863	1.838	2	0.42	0.229	2	4	256.22	261.575	1.021
sub-monkeyc	ses-day350	listening	run-03	497513	3675	0.74	3675	0.74	occasional packet loss due to varying wireless conditions	0.007387	2006	1.832	2	0.425	0.232	2	6	246.058	243.745	0.991
sub-monkeyc	ses-day350	listening	run-04	479999	3601	0.75	3601	0.75	occasional packet loss due to varying wireless conditions	0.007502	1955	1.842	2	0.441	0.239	2	4	243.557	249.299	1.024
sub-monkeyc	ses-day355	rest	run-01	238543	1552	0.65	1552	0.65	occasional packet loss due to varying wireless conditions	0.006506	849	1.828	2	0.505	0.276	2	10	278.813	264.997	0.95
sub-monkeyc	ses-day355	pressing	run-01	847815	5477	0.65	5477	0.65	occasional packet loss due to varying wireless conditions	0.00646	2962	1.849	2	0.445	0.24	2	4	284.286	289.757	1.019
sub-monkeyc	ses-day355	listening	run-01	474755	3122	0.66	3122	0.66	occasional packet loss due to varying wireless conditions	0.006576	1687	1.851	2	0.419	0.226	2	4	279.403	276.011	0.988
sub-monkeyc	ses-day355	listening	run-02	469940	2533	0.54	2533	0.54	occasional packet loss due to varying wireless conditions	0.00539	1398	1.812	2	0.446	0.246	2	4	334.101	325.8	0.975
sub-monkeyc	ses-day355	listening	run-03	483823	3509	0.73	3509	0.73	occasional packet loss due to varying wireless conditions	0.007253	1909	1.838	2	0.431	0.235	2	4	251.473	256.44	1.02
sub-monkeyc	ses-day355	listening	run-04	500409	1609	0.32	1609	0.32	occasional packet loss due to varying wireless conditions	0.003215	984	1.635	2	0.49	0.3	2	4	506.396	468.36	0.925
sub-monkeyc	ses-day356	rest	run-01	216375	1110	0.51	1110	0.51	occasional packet loss due to varying wireless conditions	0.00513	628	1.768	2	0.455	0.257	2	4	342.234	322.578	0.943
sub-monkeyc	ses-day356	reaching	run-01	468245	3197	0.68	3197	0.68	occasional packet loss due to varying wireless conditions	0.006828	1548	2.065	2	2.25	1.09	2	70	300.225	307.442	1.024
sub-monkeyc	ses-day356	reaching	run-02	708685	4624	0.65	4624	0.65	occasional packet loss due to varying wireless conditions	0.006525	2499	1.85	2	0.419	0.226	2	4	281.624	284.544	1.01
sub-monkeyc	ses-day356	pressing	run-01	524212	6691	1.28	6691	1.28	occasional packet loss due to varying wireless conditions	0.012764	2894	2.312	2	3.254	1.407	2	62	178.764	212.764	1.19
sub-monkeyc	ses-day356	pressing	run-02	299321	4969	1.66	4969	1.66	occasional packet loss due to varying wireless conditions	0.016601	1569	3.167	2	46.723	14.753	2	1852	187.485	197.026	1.051
sub-monkeyc	ses-day356	pressing	run-03	611817	4734	0.77	4734	0.77	occasional packet loss due to varying wireless conditions	0.007738	2390	1.981	2	1.099	0.555	2	14	253.903	265.892	1.047
sub-monkeyc	ses-day362	rest	run-01	181135	862	0.48	862	0.48	occasional packet loss due to varying wireless conditions	0.004759	494	1.745	2	0.517	0.296	2	6	364.188	367.065	1.008
sub-monkeyc	ses-day362	rest	run-02	63853	360	0.56	360	0.56	occasional packet loss due to varying wireless conditions	0.005638	198	1.818	2	0.458	0.252	2	4	319.06	320.469	1.004
sub-monkeyc	ses-day365	rest	run-01	185799	583	0.31	583	0.31	occasional packet loss due to varying wireless conditions	0.003138	342	1.705	2	0.469	0.275	2	3	539.988	544.162	1.008
sub-monkeyc	ses-day365	pressing	run-01	567231	3144	0.55	3144	0.55	occasional packet loss due to varying wireless conditions	0.005543	1684	1.867	2	0.62	0.332	2	10	334.77	330.325	0.987
sub-monkeyc	ses-day365	pressing	run-02	750953	21533	2.87	21533	2.87	occasional packet loss due to varying wireless conditions	0.028674	8993	2.394	2	2.265	0.946	2	78	81.101	138.258	1.705
sub-monkeyc	ses-day368	rest	run-01	188541	1514	0.8	1514	0.8	occasional packet loss due to varying wireless conditions	0.00803	808	1.874	2	0.412	0.22	2	4	231.183	250.844	1.085
sub-monkeyc	ses-day368	pressing	run-01	1942953	19465	1	19465	1	occasional packet loss due to varying wireless conditions	0.010018	10290	1.892	2	0.453	0.24	2	20	186.91	231.613	1.239
sub-monkeyc	ses-day368	pressing	run-02	903701	7762	0.86	7762	0.86	occasional packet loss due to varying wireless conditions	0.008589	4119	1.884	2	0.392	0.208	2	4	217.461	216.939	0.998
sub-monkeyc	ses-day368	pressing	run-03	889979	17328	1.95	17328	1.95	occasional packet loss due to varying wireless conditions	0.01947	7874	2.201	2	15.519	7.052	2	1376	110.813	157.946	1.425
sub-monkeyc	ses-day368	pressing	run-04	1112141	12913	1.16	12913	1.16	occasional packet loss due to varying wireless conditions	0.011611	6376	2.025	2	1.094	0.54	2	16	172.374	178.29	1.034
sub-monkeyc	ses-day369	rest	run-01	181465	2666	1.47	2666	1.47	occasional packet loss due to varying wireless conditions	0.014692	1309	2.037	2	1.214	0.596	2	30	136.488	136.123	0.997
sub-monkeyc	ses-day369	reaching	run-01	379089	1717	0.45	1717	0.45	occasional packet loss due to varying wireless conditions	0.004529	950	1.807	2	1.066	0.59	2	30	396.816	390.42	0.984
sub-monkeyc	ses-day369	reaching	run-02	528923	3295	0.62	3295	0.62	occasional packet loss due to varying wireless conditions	0.00623	1800	1.831	2	0.415	0.226	2	4	291.853	288.043	0.987
sub-monkeyc	ses-day371	rest	run-01	181185	1391	0.77	1391	0.77	occasional packet loss due to varying wireless conditions	0.007677	755	1.842	2	0.399	0.217	2	4	237.823	241.505	1.015
sub-monkeyc	ses-day371	sep	run-01	72149	573	0.79	573	0.79	occasional packet loss due to varying wireless conditions	0.007942	307	1.866	2	0.393	0.211	2	4	232.39	221.359	0.953
sub-monkeyc	ses-day371	sep	run-02	64495	516	0.8	516	0.8	occasional packet loss due to varying wireless conditions	0.008001	273	1.89	2	0.487	0.258	2	4	233.5	263.162	1.127
sub-monkeyc	ses-day378	rest	run-01	182125	1094	0.6	1094	0.6	occasional packet loss due to varying wireless conditions	0.006007	594	1.842	2	0.455	0.247	2	4	304.254	294.059	0.966
sub-monkeyc	ses-day379	rest	run-01	182237	1504	0.83	1504	0.83	occasional packet loss due to varying wireless conditions	0.008253	802	1.875	2	0.392	0.209	2	4	225.072	214.488	0.953
sub-monkeyc	ses-day383	rest	run-01	184939	2131	1.15	2131	1.15	occasional packet loss due to varying wireless conditions	0.011523	1103	1.932	2	0.366	0.19	2	4	165.587	181.18	1.094
sub-monkeyc	ses-day384	rest	run-01	180763	1674	0.93	1674	0.93	occasional packet loss due to varying wireless conditions	0.009261	816	2.051	2	0.714	0.348	2	6	219.203	232.001	1.058
sub-monkeyc	ses-day385	rest	run-01	182791	1770	0.97	1770	0.97	occasional packet loss due to varying wireless conditions	0.009683	942	1.879	2	0.357	0.19	2	4	191.963	183.656	0.957
sub-monkeyc	ses-day385	reaching	run-01	433893	3443	0.79	3443	0.79	occasional packet loss due to varying wireless conditions	0.007935	1868	1.843	2	0.422	0.229	2	4	230.31	221.673	0.962
sub-monkeyc	ses-day385	reaching	run-02	537127	3428	0.64	3428	0.64	occasional packet loss due to varying wireless conditions	0.006382	1849	1.854	2	0.396	0.214	2	4	288.486	285.424	0.989
sub-monkeyc	ses-day385	listening	run-01	449439	3395	0.76	3395	0.76	occasional packet loss due to varying wireless conditions	0.007554	1802	1.884	2	0.582	0.309	2	18	247.39	270.754	1.094
sub-monkeyc	ses-day385	listening	run-02	631343	4953	0.78	4953	0.78	occasional packet loss due to varying wireless conditions	0.007845	2435	2.034	2	1.411	0.694	2	20	257.139	271.06	1.054
sub-monkeyc	ses-day386	rest	run-01	182369	1105	0.61	1105	0.61	occasional packet loss due to varying wireless conditions	0.006059	611	1.809	2	0.486	0.269	2	6	296.183	286.268	0.967
sub-monkeyc	ses-day389	rest	run-01	180973	1023	0.57	1023	0.57	occasional packet loss due to varying wireless conditions	0.005653	554	1.847	2	0.524	0.284	2	4	324.234	342.017	1.055
sub-monkeyc	ses-day393	rest	run-01	180641	1587	0.88	1587	0.88	occasional packet loss due to varying wireless conditions	0.008785	831	1.91	2	0.434	0.227	2	6	215.209	223.169	1.037
sub-monkeyc	ses-day396	rest	run-01	180889	1522	0.84	1522	0.84	occasional packet loss due to varying wireless conditions	0.008414	818	1.861	2	0.414	0.222	2	4	219.007	223.078	1.019
sub-monkeyc	ses-day396	reaching	run-01	410615	4032	0.98	4032	0.98	occasional packet loss due to varying wireless conditions	0.009819	2058	1.959	2	1.144	0.584	2	48	197.466	208.472	1.056
sub-monkeyc	ses-day396	reaching	run-02	601491	4458	0.74	4458	0.74	occasional packet loss due to varying wireless conditions	0.007412	2372	1.879	2	0.466	0.248	2	8	251.594	268.837	1.069
sub-monkeyc	ses-day397	rest	run-01	188265	1827	0.97	1827	0.97	occasional packet loss due to varying wireless conditions	0.009704	935	1.954	2	0.554	0.284	2	8	199.186	239.982	1.205
sub-monkeyc	ses-day397	pressing	run-01	455215	6308	1.39	6308	1.39	occasional packet loss due to varying wireless conditions	0.013857	2595	2.431	2	25.912	10.66	2	1322	172.923	180.544	1.044
sub-monkeyc	ses-day397	pressing	run-02	604171	7185	1.19	7185	1.19	occasional packet loss due to varying wireless conditions	0.011892	3710	1.937	2	0.528	0.273	2	24	160.869	230.155	1.431
sub-monkeyc	ses-day397	pressing	run-03	434247	9100	2.1	9100	2.1	occasional packet loss due to varying wireless conditions	0.020956	3692	2.465	2	27.07	10.983	2	1644	115.122	120.314	1.045
sub-monkeyc	ses-day397	pressing	run-04	447261	5410	1.21	5410	1.21	occasional packet loss due to varying wireless conditions	0.012096	1936	2.794	2	40.086	14.345	2	1766	228.111	241.558	1.059
sub-monkeyc	ses-day397	pressing	run-05	355545	4541	1.28	4541	1.28	occasional packet loss due to varying wireless conditions	0.012772	2222	2.044	2	1.589	0.778	2	52	157.897	302.063	1.913
sub-monkeyc	ses-day397	pressing	run-06	747881	7758	1.04	7758	1.04	occasional packet loss due to varying wireless conditions	0.010373	3842	2.019	2	1.648	0.816	2	92	192.59	279.156	1.449
sub-monkeyc	ses-day400	rest	run-01	171285	2650	1.55	2650	1.55	occasional packet loss due to varying wireless conditions	0.015471	812	3.264	2	33.285	10.199	2	948	207.423	244.123	1.177
sub-monkeyc	ses-day403	rest	run-01	237991	958	0.4	958	0.4	occasional packet loss due to varying wireless conditions	0.004025	539	1.777	2	0.567	0.319	2	6	438.95	393.975	0.898
sub-monkeyc	ses-day403	pressing	run-01	1815623	17726	0.98	17726	0.98	occasional packet loss due to varying wireless conditions	0.009763	8466	2.094	2	19.765	9.44	2	1820	212.342	230.653	1.086
sub-monkeyc	ses-day403	pressing	run-02	1034831	8680	0.84	8680	0.84	occasional packet loss due to varying wireless conditions	0.008388	4160	2.087	2	2.011	0.964	2	74	246.612	356.345	1.445
sub-monkeyc	ses-day403	pressing	run-03	231319	4969	2.15	4969	2.15	occasional packet loss due to varying wireless conditions	0.021481	1657	2.999	2	39.644	13.22	2	1616	136.52	183.058	1.341
sub-monkeyc	ses-day404	rest	run-01	240617	1717	0.71	1717	0.71	occasional packet loss due to varying wireless conditions	0.007136	910	1.887	2	1.421	0.753	2	42	262.239	256.51	0.978
sub-monkeyc	ses-day404	rest	run-02	216337	3253	1.5	3253	1.5	occasional packet loss due to varying wireless conditions	0.015037	1041	3.125	2	35.092	11.23	2	1134	204.495	306.311	1.498
sub-monkeyc	ses-day407	rest	run-01	180951	1608	0.89	1608	0.89	occasional packet loss due to varying wireless conditions	0.008886	853	1.885	2	0.37	0.196	2	4	210.004	228.811	1.09
sub-monkeyc	ses-day407	pressing	run-01	1737093	23709	1.36	23709	1.36	occasional packet loss due to varying wireless conditions	0.013649	11797	2.01	2	2.103	1.046	2	208	145.227	190.238	1.31
sub-monkeyc	ses-day407	pressing	run-02	729027	7489	1.03	7489	1.03	occasional packet loss due to varying wireless conditions	0.010273	3323	2.254	2	19.053	8.454	2	1100	217.069	239.672	1.104
sub-monkeyc	ses-day410	rest	run-01	180847	1450	0.8	1450	0.8	occasional packet loss due to varying wireless conditions	0.008018	776	1.869	2	0.384	0.206	2	4	230.884	226.932	0.983
sub-monkeyc	ses-day410	sep	run-01	66925	526	0.79	526	0.79	occasional packet loss due to varying wireless conditions	0.00786	280	1.879	2	0.358	0.191	2	4	236.295	238.506	1.009
sub-monkeyc	ses-day410	sep	run-02	62993	669	1.06	669	1.06	occasional packet loss due to varying wireless conditions	0.01062	346	1.934	2	0.491	0.254	2	6	179.608	201.286	1.121
sub-monkeyc	ses-day413	rest	run-01	258431	1989	0.77	1989	0.77	occasional packet loss due to varying wireless conditions	0.007696	1082	1.838	2	0.424	0.231	2	4	236.789	247.85	1.047
sub-monkeyc	ses-day413	reaching	run-01	552379	3287	0.6	3287	0.6	occasional packet loss due to varying wireless conditions	0.005951	1824	1.802	2	0.467	0.259	2	4	300.872	313.047	1.04
sub-monkeyc	ses-day413	reaching	run-02	612593	5724	0.93	5724	0.93	occasional packet loss due to varying wireless conditions	0.009344	3008	1.903	2	0.401	0.211	2	4	201.685	213.852	1.06
sub-monkeyc	ses-day418	rest	run-01	233419	1950	0.84	1950	0.84	occasional packet loss due to varying wireless conditions	0.008354	1045	1.866	2	0.488	0.262	2	6	221.29	232.868	1.052
sub-monkeyc	ses-day418	listening	run-01	547215	3110	0.57	3110	0.57	occasional packet loss due to varying wireless conditions	0.005683	1738	1.789	2	0.454	0.254	2	4	312.884	311.405	0.995
sub-monkeyc	ses-day418	listening	run-02	480261	4393	0.91	4393	0.91	occasional packet loss due to varying wireless conditions	0.009147	2332	1.884	2	0.442	0.235	2	6	203.973	221.777	1.087
sub-monkeyc	ses-day418	listening	run-03	508180	3370	0.66	3370	0.66	occasional packet loss due to varying wireless conditions	0.006632	1830	1.842	2	0.501	0.272	2	6	275.702	282.164	1.023
sub-monkeyc	ses-day418	listening	run-04	533903	3535	0.66	3535	0.66	occasional packet loss due to varying wireless conditions	0.006621	1915	1.846	2	0.417	0.226	2	4	276.81	270.217	0.976
sub-monkeyc	ses-day420	rest	run-01	404543	3763	0.93	3763	0.93	occasional packet loss due to varying wireless conditions	0.009302	1985	1.896	2	0.401	0.212	2	6	201.803	217.137	1.076
sub-monkeyc	ses-day420	pressing	run-01	178379	1803	1.01	1803	1.01	occasional packet loss due to varying wireless conditions	0.010108	956	1.886	2	0.43	0.228	2	6	184.51	202.775	1.099
sub-monkeyc	ses-day420	pressing	run-02	2808607	17317	0.62	17317	0.62	occasional packet loss due to varying wireless conditions	0.006166	9471	1.828	2	0.495	0.271	2	8	294.689	330.836	1.123
sub-monkeyc	ses-day426	rest	run-01	233661	1499	0.64	1499	0.64	occasional packet loss due to varying wireless conditions	0.006415	828	1.81	2	0.436	0.241	2	4	280.051	285.598	1.02
sub-monkeyc	ses-day426	reaching	run-01	647161	3664	0.57	3664	0.57	occasional packet loss due to varying wireless conditions	0.005662	2013	1.82	2	0.443	0.243	2	4	319.512	325.586	1.019
sub-monkeyc	ses-day426	reaching	run-02	889465	5946	0.67	5946	0.67	occasional packet loss due to varying wireless conditions	0.006685	3207	1.854	2	0.436	0.235	2	6	275.411	264.244	0.959
sub-monkeyc	ses-day426	pressing	run-01	2822187	14747	0.52	14747	0.52	occasional packet loss due to varying wireless conditions	0.005225	8301	1.777	2	0.451	0.254	2	4	338.164	347.861	1.029
sub-monkeyc	ses-day427	rest	run-01	182097	1469	0.81	1469	0.81	occasional packet loss due to varying wireless conditions	0.008067	772	1.903	2	0.49	0.258	2	8	233.671	240.666	1.03
sub-monkeyc	ses-day432	rest	run-01	318727	2233	0.7	2233	0.7	occasional packet loss due to varying wireless conditions	0.007006	1207	1.85	2	0.407	0.22	2	4	261.998	272.112	1.039
sub-monkeyc	ses-day432	listening	run-01	461829	3778	0.82	3778	0.82	occasional packet loss due to varying wireless conditions	0.008181	2038	1.854	2	0.399	0.215	2	4	224.645	227.305	1.012
sub-monkeyc	ses-day432	listening	run-02	464799	3855	0.83	3855	0.83	occasional packet loss due to varying wireless conditions	0.008294	2061	1.87	2	0.411	0.22	2	4	223.542	221.512	0.991
sub-monkeyc	ses-day432	listening	run-03	477594	4443	0.93	4443	0.93	occasional packet loss due to varying wireless conditions	0.009303	2336	1.902	2	0.417	0.219	2	6	202.461	205.651	1.016
sub-monkeyc	ses-day432	listening	run-04	522229	2674	0.51	2674	0.51	occasional packet loss due to varying wireless conditions	0.00512	1489	1.796	2	0.443	0.247	2	4	348.695	336.211	0.964
sub-monkeyc	ses-day432	pressing	run-01	1689351	7345	0.43	7345	0.43	occasional packet loss due to varying wireless conditions	0.004348	4271	1.72	2	0.492	0.286	2	4	393.728	381.174	0.968
sub-monkeyc	ses-day433	rest	run-01	233777	1382	0.59	1382	0.59	occasional packet loss due to varying wireless conditions	0.005912	758	1.823	2	0.436	0.239	2	6	306.186	285.777	0.933
sub-monkeyc	ses-day433	pressing	run-01	697139	5131	0.74	5131	0.74	occasional packet loss due to varying wireless conditions	0.00736	2772	1.851	2	0.399	0.216	2	4	249.552	262.481	1.052
sub-monkeyc	ses-day433	pressing	run-02	752832	4075	0.54	4075	0.54	occasional packet loss due to varying wireless conditions	0.005413	2260	1.803	2	0.429	0.238	2	4	331.162	340.797	1.029
sub-monkeyc	ses-day433	pressing	run-03	1057203	6289	0.59	6289	0.59	occasional packet loss due to varying wireless conditions	0.005949	3519	1.787	2	0.446	0.249	2	4	298.555	293.195	0.982
sub-monkeyc	ses-day439	rest	run-01	244873	769	0.31	769	0.31	occasional packet loss due to varying wireless conditions	0.00314	448	1.717	2	0.557	0.325	2	4	543.661	556.88	1.024
sub-monkeyc	ses-day439	reaching	run-01	632755	4852	0.77	4852	0.77	occasional packet loss due to varying wireless conditions	0.007668	2594	1.87	2	0.397	0.212	2	4	241.966	241.849	1
sub-monkeyc	ses-day439	reaching	run-02	679225	3108	0.46	3108	0.46	occasional packet loss due to varying wireless conditions	0.004576	1767	1.759	2	0.451	0.256	2	4	382.419	363.208	0.95
sub-monkeyc	ses-day439	pressing	run-01	1595359	9504	0.6	9504	0.6	occasional packet loss due to varying wireless conditions	0.005957	5211	1.824	2	0.425	0.233	2	4	304.27	300.956	0.989
sub-monkeyc	ses-day441	rest	run-01	181707	1656	0.91	1656	0.91	occasional packet loss due to varying wireless conditions	0.009114	875	1.893	2	0.373	0.197	2	4	205.538	209.193	1.018
sub-monkeyc	ses-day446	rest	run-01	242629	1964	0.81	1964	0.81	occasional packet loss due to varying wireless conditions	0.008095	1047	1.876	2	0.388	0.207	2	4	229.642	230.045	1.002
sub-monkeyc	ses-day446	listening	run-01	467933	4570	0.98	4570	0.98	occasional packet loss due to varying wireless conditions	0.009766	2420	1.888	2	0.41	0.217	2	4	191.393	195.317	1.021
sub-monkeyc	ses-day446	listening	run-02	473033	3669	0.78	3669	0.78	occasional packet loss due to varying wireless conditions	0.007756	1942	1.889	2	0.455	0.241	2	6	241.567	250.134	1.035
sub-monkeyc	ses-day446	listening	run-03	502379	2554	0.51	2554	0.51	occasional packet loss due to varying wireless conditions	0.005084	1393	1.833	2	1.091	0.595	2	16	358.555	343.171	0.957
sub-monkeyc	ses-day446	listening	run-04	471989	3253	0.69	3253	0.69	occasional packet loss due to varying wireless conditions	0.006892	1753	1.856	2	0.4	0.216	2	4	267.238	264.509	0.99
sub-monkeyc	ses-day446	pressing	run-01	420197	5450	1.3	5450	1.3	occasional packet loss due to varying wireless conditions	0.01297	2146	2.54	2	28.665	11.287	2	1330	193.175	300.514	1.556
sub-monkeyc	ses-day446	pressing	run-02	1255635	10234	0.82	10234	0.82	occasional packet loss due to varying wireless conditions	0.00815	4619	2.216	2	23.408	10.565	2	1592	269.567	273.44	1.014
sub-monkeyc	ses-day446	pressing	run-03	479173	3289	0.69	3289	0.69	occasional packet loss due to varying wireless conditions	0.006864	1758	1.871	2	0.45	0.24	2	6	270.542	273.201	1.01
sub-monkeyc	ses-day452	rest	run-01	242293	1041	0.43	1041	0.43	occasional packet loss due to varying wireless conditions	0.004296	606	1.718	2	0.472	0.275	2	4	397.45	406.488	1.023
sub-monkeyc	ses-day452	reaching	run-01	968749	5603	0.58	5603	0.58	occasional packet loss due to varying wireless conditions	0.005784	3139	1.785	2	0.441	0.247	2	4	306.734	301.522	0.983
sub-monkeyc	ses-day452	reaching	run-02	780085	4631	0.59	4631	0.59	occasional packet loss due to varying wireless conditions	0.005937	2515	1.841	2	0.424	0.23	2	6	308.209	301.119	0.977
sub-monkeyc	ses-day452	pressing	run-01	1421727	9585	0.67	9585	0.67	occasional packet loss due to varying wireless conditions	0.006742	5165	1.856	2	0.433	0.233	2	6	273.353	271.219	0.992
sub-monkeyc	ses-day453	rest	run-01	248648	1335	0.54	1335	0.54	occasional packet loss due to varying wireless conditions	0.005369	734	1.819	2	0.488	0.268	2	6	336.48	334.717	0.995
sub-monkeyc	ses-day453	listening	run-01	463309	2714	0.59	2714	0.59	occasional packet loss due to varying wireless conditions	0.005858	1483	1.83	2	0.446	0.244	2	4	310.374	312.428	1.007
sub-monkeyc	ses-day453	listening	run-02	469155	2924	0.62	2924	0.62	occasional packet loss due to varying wireless conditions	0.006232	1597	1.831	2	0.428	0.234	2	6	291.759	308.473	1.057
sub-monkeyc	ses-day453	listening	run-03	477827	1845	0.39	1845	0.39	occasional packet loss due to varying wireless conditions	0.003861	1058	1.744	2	0.486	0.279	2	4	449.464	454.39	1.011
sub-monkeyc	ses-day453	listening	run-04	470961	2170	0.46	2170	0.46	occasional packet loss due to varying wireless conditions	0.004608	1226	1.77	2	0.456	0.258	2	4	382.063	370.236	0.969
sub-monkeyc	ses-day461	rest	run-01	181445	1973	1.09	1973	1.09	occasional packet loss due to varying wireless conditions	0.010874	1027	1.921	2	0.453	0.236	2	8	174.584	210.433	1.205
sub-monkeyc	ses-day462	rest	run-01	244895	2141	0.87	2141	0.87	occasional packet loss due to varying wireless conditions	0.008743	1135	1.886	2	0.41	0.217	2	6	213.692	212.797	0.996
sub-monkeyc	ses-day462	reaching	run-01	280121	3664	1.31	3664	1.31	occasional packet loss due to varying wireless conditions	0.01308	1702	2.153	2	4.391	2.04	2	166	162.335	196.729	1.212
sub-monkeyc	ses-day462	reaching	run-02	434006	2733	0.63	2733	0.63	occasional packet loss due to varying wireless conditions	0.006297	1435	1.905	2	0.812	0.426	2	18	300.329	319.057	1.062
sub-monkeyc	ses-day462	reaching	run-03	860397	4451	0.52	4451	0.52	occasional packet loss due to varying wireless conditions	0.005173	2516	1.769	2	0.469	0.265	2	4	340.066	335.876	0.988
sub-monkeyc	ses-day462	pressing	run-01	1144665	6492	0.57	6492	0.57	occasional packet loss due to varying wireless conditions	0.005672	3646	1.781	2	0.448	0.251	2	4	312.085	298.448	0.956
sub-monkeyc	ses-day462	pressing	run-02	237287	2849	1.2	2849	1.2	occasional packet loss due to varying wireless conditions	0.012007	866	3.29	2	38.067	11.571	2	1118	270.401	289.355	1.07
sub-monkeyc	ses-day462	pressing	run-03	492635	3636	0.74	3636	0.74	occasional packet loss due to varying wireless conditions	0.007381	1731	2.101	2	1.627	0.775	2	18	282.332	287.592	1.019
sub-monkeyc	ses-day466	rest	run-01	245179	1484	0.61	1484	0.61	occasional packet loss due to varying wireless conditions	0.006053	742	2	2	1.888	0.944	2	44	327.988	340.178	1.037
sub-monkeyc	ses-day466	listening	run-01	511484	1875	0.37	1875	0.37	occasional packet loss due to varying wireless conditions	0.003666	1069	1.754	2	0.568	0.324	2	4	476.27	487.306	1.023
sub-monkeyc	ses-day466	listening	run-02	532015	4171	0.78	4171	0.78	occasional packet loss due to varying wireless conditions	0.00784	2189	1.905	2	0.493	0.259	2	6	241.025	262.282	1.088
sub-monkeyc	ses-day466	listening	run-03	474211	1613	0.34	1613	0.34	occasional packet loss due to varying wireless conditions	0.003401	903	1.786	2	2.02	1.131	2	60	522.785	518.738	0.992
sub-monkeyc	ses-day466	listening	run-04	521639	2609	0.5	2609	0.5	occasional packet loss due to varying wireless conditions	0.005002	1448	1.802	2	0.479	0.266	2	6	358.199	356.66	0.996
sub-monkeyc	ses-day466	pressing	run-01	2332833	15702	0.67	15702	0.67	occasional packet loss due to varying wireless conditions	0.006731	8611	1.823	2	0.446	0.245	2	6	269.058	263.455	0.979
sub-monkeyc	ses-day469	rest	run-01	238889	2198	0.92	2198	0.92	occasional packet loss due to varying wireless conditions	0.009201	1160	1.895	2	0.384	0.203	2	4	203.868	194.396	0.954
sub-monkeyc	ses-day469	reaching	run-01	622607	3847	0.62	3847	0.62	occasional packet loss due to varying wireless conditions	0.006179	2077	1.852	2	0.488	0.264	2	6	297.767	311.346	1.046
sub-monkeyc	ses-day469	reaching	run-02	638385	2732	0.43	2732	0.43	occasional packet loss due to varying wireless conditions	0.00428	1549	1.764	2	0.51	0.289	2	6	410.099	394.562	0.962
sub-monkeyc	ses-day476	rest	run-01	180876	1427	0.79	1427	0.79	occasional packet loss due to varying wireless conditions	0.007889	758	1.883	2	0.509	0.27	2	6	236.428	234.739	0.993
sub-monkeyc	ses-day476	sep	run-01	84093	861	1.02	861	1.02	occasional packet loss due to varying wireless conditions	0.010239	447	1.926	2	0.374	0.194	2	4	185.786	176.398	0.949
sub-monkeyc	ses-day476	sep	run-02	69255	533	0.77	533	0.77	occasional packet loss due to varying wireless conditions	0.007696	279	1.91	2	0.564	0.295	2	8	245.436	254.536	1.037
