subject	session	task	run	trial_number	events_tsv
monkeyb	day104	listening	01	40	sub-monkeyb/ses-day104/ieeg/sub-monkeyb_ses-day104_task-listening_run-01_events.tsv
monkeyb	day104	listening	02	40	sub-monkeyb/ses-day104/ieeg/sub-monkeyb_ses-day104_task-listening_run-02_events.tsv
monkeyb	day104	listening	03	40	sub-monkeyb/ses-day104/ieeg/sub-monkeyb_ses-day104_task-listening_run-03_events.tsv
monkeyb	day104	listening	04	40	sub-monkeyb/ses-day104/ieeg/sub-monkeyb_ses-day104_task-listening_run-04_events.tsv
monkeyb	day111	listening	01	40	sub-monkeyb/ses-day111/ieeg/sub-monkeyb_ses-day111_task-listening_run-01_events.tsv
monkeyb	day111	listening	02	40	sub-monkeyb/ses-day111/ieeg/sub-monkeyb_ses-day111_task-listening_run-02_events.tsv
monkeyb	day111	listening	03	40	sub-monkeyb/ses-day111/ieeg/sub-monkeyb_ses-day111_task-listening_run-03_events.tsv
monkeyb	day111	listening	04	40	sub-monkeyb/ses-day111/ieeg/sub-monkeyb_ses-day111_task-listening_run-04_events.tsv
monkeyb	day118	listening	01	40	sub-monkeyb/ses-day118/ieeg/sub-monkeyb_ses-day118_task-listening_run-01_events.tsv
monkeyb	day118	listening	02	40	sub-monkeyb/ses-day118/ieeg/sub-monkeyb_ses-day118_task-listening_run-02_events.tsv
monkeyb	day118	listening	03	40	sub-monkeyb/ses-day118/ieeg/sub-monkeyb_ses-day118_task-listening_run-03_events.tsv
monkeyb	day118	listening	04	40	sub-monkeyb/ses-day118/ieeg/sub-monkeyb_ses-day118_task-listening_run-04_events.tsv
monkeyb	day125	listening	01	40	sub-monkeyb/ses-day125/ieeg/sub-monkeyb_ses-day125_task-listening_run-01_events.tsv
monkeyb	day125	listening	02	40	sub-monkeyb/ses-day125/ieeg/sub-monkeyb_ses-day125_task-listening_run-02_events.tsv
monkeyb	day125	listening	03	40	sub-monkeyb/ses-day125/ieeg/sub-monkeyb_ses-day125_task-listening_run-03_events.tsv
monkeyb	day125	listening	04	40	sub-monkeyb/ses-day125/ieeg/sub-monkeyb_ses-day125_task-listening_run-04_events.tsv
monkeyb	day132	listening	01	40	sub-monkeyb/ses-day132/ieeg/sub-monkeyb_ses-day132_task-listening_run-01_events.tsv
monkeyb	day132	listening	02	40	sub-monkeyb/ses-day132/ieeg/sub-monkeyb_ses-day132_task-listening_run-02_events.tsv
monkeyb	day132	listening	03	40	sub-monkeyb/ses-day132/ieeg/sub-monkeyb_ses-day132_task-listening_run-03_events.tsv
monkeyb	day132	listening	04	40	sub-monkeyb/ses-day132/ieeg/sub-monkeyb_ses-day132_task-listening_run-04_events.tsv
monkeyb	day134	sep	01	242	sub-monkeyb/ses-day134/ieeg/sub-monkeyb_ses-day134_task-sep_run-01_events.tsv
monkeyb	day134	sep	02	239	sub-monkeyb/ses-day134/ieeg/sub-monkeyb_ses-day134_task-sep_run-02_events.tsv
monkeyb	day140	listening	01	40	sub-monkeyb/ses-day140/ieeg/sub-monkeyb_ses-day140_task-listening_run-01_events.tsv
monkeyb	day140	listening	02	40	sub-monkeyb/ses-day140/ieeg/sub-monkeyb_ses-day140_task-listening_run-02_events.tsv
monkeyb	day140	listening	03	40	sub-monkeyb/ses-day140/ieeg/sub-monkeyb_ses-day140_task-listening_run-03_events.tsv
monkeyb	day140	listening	04	40	sub-monkeyb/ses-day140/ieeg/sub-monkeyb_ses-day140_task-listening_run-04_events.tsv
monkeyb	day147	listening	01	40	sub-monkeyb/ses-day147/ieeg/sub-monkeyb_ses-day147_task-listening_run-01_events.tsv
monkeyb	day147	listening	02	40	sub-monkeyb/ses-day147/ieeg/sub-monkeyb_ses-day147_task-listening_run-02_events.tsv
monkeyb	day147	listening	03	40	sub-monkeyb/ses-day147/ieeg/sub-monkeyb_ses-day147_task-listening_run-03_events.tsv
monkeyb	day147	listening	04	40	sub-monkeyb/ses-day147/ieeg/sub-monkeyb_ses-day147_task-listening_run-04_events.tsv
monkeyb	day154	listening	01	40	sub-monkeyb/ses-day154/ieeg/sub-monkeyb_ses-day154_task-listening_run-01_events.tsv
monkeyb	day154	listening	02	40	sub-monkeyb/ses-day154/ieeg/sub-monkeyb_ses-day154_task-listening_run-02_events.tsv
monkeyb	day154	listening	03	40	sub-monkeyb/ses-day154/ieeg/sub-monkeyb_ses-day154_task-listening_run-03_events.tsv
monkeyb	day154	listening	04	40	sub-monkeyb/ses-day154/ieeg/sub-monkeyb_ses-day154_task-listening_run-04_events.tsv
monkeyb	day161	listening	01	40	sub-monkeyb/ses-day161/ieeg/sub-monkeyb_ses-day161_task-listening_run-01_events.tsv
monkeyb	day161	listening	02	40	sub-monkeyb/ses-day161/ieeg/sub-monkeyb_ses-day161_task-listening_run-02_events.tsv
monkeyb	day161	pressing	01	108	sub-monkeyb/ses-day161/ieeg/sub-monkeyb_ses-day161_task-pressing_run-01_events.tsv
monkeyb	day161	pressing	02	36	sub-monkeyb/ses-day161/ieeg/sub-monkeyb_ses-day161_task-pressing_run-02_events.tsv
monkeyb	day161	pressing	03	47	sub-monkeyb/ses-day161/ieeg/sub-monkeyb_ses-day161_task-pressing_run-03_events.tsv
monkeyb	day170	sep	01	226	sub-monkeyb/ses-day170/ieeg/sub-monkeyb_ses-day170_task-sep_run-01_events.tsv
monkeyb	day170	sep	02	218	sub-monkeyb/ses-day170/ieeg/sub-monkeyb_ses-day170_task-sep_run-02_events.tsv
monkeyb	day177	pressing	01	36	sub-monkeyb/ses-day177/ieeg/sub-monkeyb_ses-day177_task-pressing_run-01_events.tsv
monkeyb	day184	listening	01	40	sub-monkeyb/ses-day184/ieeg/sub-monkeyb_ses-day184_task-listening_run-01_events.tsv
monkeyb	day184	listening	02	40	sub-monkeyb/ses-day184/ieeg/sub-monkeyb_ses-day184_task-listening_run-02_events.tsv
monkeyb	day202	listening	01	40	sub-monkeyb/ses-day202/ieeg/sub-monkeyb_ses-day202_task-listening_run-01_events.tsv
monkeyb	day202	listening	02	40	sub-monkeyb/ses-day202/ieeg/sub-monkeyb_ses-day202_task-listening_run-02_events.tsv
monkeyb	day202	listening	03	40	sub-monkeyb/ses-day202/ieeg/sub-monkeyb_ses-day202_task-listening_run-03_events.tsv
monkeyb	day202	listening	04	40	sub-monkeyb/ses-day202/ieeg/sub-monkeyb_ses-day202_task-listening_run-04_events.tsv
monkeyb	day203	pressing	01	9	sub-monkeyb/ses-day203/ieeg/sub-monkeyb_ses-day203_task-pressing_run-01_events.tsv
monkeyb	day203	pressing	02	76	sub-monkeyb/ses-day203/ieeg/sub-monkeyb_ses-day203_task-pressing_run-02_events.tsv
monkeyb	day209	sep	01	224	sub-monkeyb/ses-day209/ieeg/sub-monkeyb_ses-day209_task-sep_run-01_events.tsv
monkeyb	day209	sep	02	228	sub-monkeyb/ses-day209/ieeg/sub-monkeyb_ses-day209_task-sep_run-02_events.tsv
monkeyb	day217	listening	01	40	sub-monkeyb/ses-day217/ieeg/sub-monkeyb_ses-day217_task-listening_run-01_events.tsv
monkeyb	day217	listening	02	40	sub-monkeyb/ses-day217/ieeg/sub-monkeyb_ses-day217_task-listening_run-02_events.tsv
monkeyb	day217	listening	03	40	sub-monkeyb/ses-day217/ieeg/sub-monkeyb_ses-day217_task-listening_run-03_events.tsv
monkeyb	day217	listening	04	40	sub-monkeyb/ses-day217/ieeg/sub-monkeyb_ses-day217_task-listening_run-04_events.tsv
monkeyb	day231	listening	01	40	sub-monkeyb/ses-day231/ieeg/sub-monkeyb_ses-day231_task-listening_run-01_events.tsv
monkeyb	day231	listening	02	40	sub-monkeyb/ses-day231/ieeg/sub-monkeyb_ses-day231_task-listening_run-02_events.tsv
monkeyb	day231	listening	03	40	sub-monkeyb/ses-day231/ieeg/sub-monkeyb_ses-day231_task-listening_run-03_events.tsv
monkeyb	day231	listening	04	40	sub-monkeyb/ses-day231/ieeg/sub-monkeyb_ses-day231_task-listening_run-04_events.tsv
monkeyb	day238	listening	01	40	sub-monkeyb/ses-day238/ieeg/sub-monkeyb_ses-day238_task-listening_run-01_events.tsv
monkeyb	day238	listening	02	40	sub-monkeyb/ses-day238/ieeg/sub-monkeyb_ses-day238_task-listening_run-02_events.tsv
monkeyb	day238	listening	03	40	sub-monkeyb/ses-day238/ieeg/sub-monkeyb_ses-day238_task-listening_run-03_events.tsv
monkeyb	day24	listening	01	30	sub-monkeyb/ses-day24/ieeg/sub-monkeyb_ses-day24_task-listening_run-01_events.tsv
monkeyb	day24	listening	02	30	sub-monkeyb/ses-day24/ieeg/sub-monkeyb_ses-day24_task-listening_run-02_events.tsv
monkeyb	day24	listening	03	30	sub-monkeyb/ses-day24/ieeg/sub-monkeyb_ses-day24_task-listening_run-03_events.tsv
monkeyb	day24	listening	04	30	sub-monkeyb/ses-day24/ieeg/sub-monkeyb_ses-day24_task-listening_run-04_events.tsv
monkeyb	day24	pressing	01	21	sub-monkeyb/ses-day24/ieeg/sub-monkeyb_ses-day24_task-pressing_run-01_events.tsv
monkeyb	day24	pressing	02	12	sub-monkeyb/ses-day24/ieeg/sub-monkeyb_ses-day24_task-pressing_run-02_events.tsv
monkeyb	day24	pressing	03	91	sub-monkeyb/ses-day24/ieeg/sub-monkeyb_ses-day24_task-pressing_run-03_events.tsv
monkeyb	day251	listening	01	40	sub-monkeyb/ses-day251/ieeg/sub-monkeyb_ses-day251_task-listening_run-01_events.tsv
monkeyb	day251	listening	02	40	sub-monkeyb/ses-day251/ieeg/sub-monkeyb_ses-day251_task-listening_run-02_events.tsv
monkeyb	day251	listening	03	40	sub-monkeyb/ses-day251/ieeg/sub-monkeyb_ses-day251_task-listening_run-03_events.tsv
monkeyb	day251	listening	04	40	sub-monkeyb/ses-day251/ieeg/sub-monkeyb_ses-day251_task-listening_run-04_events.tsv
monkeyb	day265	listening	01	40	sub-monkeyb/ses-day265/ieeg/sub-monkeyb_ses-day265_task-listening_run-01_events.tsv
monkeyb	day265	listening	02	40	sub-monkeyb/ses-day265/ieeg/sub-monkeyb_ses-day265_task-listening_run-02_events.tsv
monkeyb	day265	listening	03	40	sub-monkeyb/ses-day265/ieeg/sub-monkeyb_ses-day265_task-listening_run-03_events.tsv
monkeyb	day265	listening	04	40	sub-monkeyb/ses-day265/ieeg/sub-monkeyb_ses-day265_task-listening_run-04_events.tsv
monkeyb	day275	sep	01	234	sub-monkeyb/ses-day275/ieeg/sub-monkeyb_ses-day275_task-sep_run-01_events.tsv
monkeyb	day275	sep	02	231	sub-monkeyb/ses-day275/ieeg/sub-monkeyb_ses-day275_task-sep_run-02_events.tsv
monkeyb	day29	reaching	01	32	sub-monkeyb/ses-day29/ieeg/sub-monkeyb_ses-day29_task-reaching_run-01_events.tsv
monkeyb	day29	reaching	02	37	sub-monkeyb/ses-day29/ieeg/sub-monkeyb_ses-day29_task-reaching_run-02_events.tsv
monkeyb	day29	sep	01	391	sub-monkeyb/ses-day29/ieeg/sub-monkeyb_ses-day29_task-sep_run-01_events.tsv
monkeyb	day29	sep	02	491	sub-monkeyb/ses-day29/ieeg/sub-monkeyb_ses-day29_task-sep_run-02_events.tsv
monkeyb	day29	sep	03	239	sub-monkeyb/ses-day29/ieeg/sub-monkeyb_ses-day29_task-sep_run-03_events.tsv
monkeyb	day29	sep	04	279	sub-monkeyb/ses-day29/ieeg/sub-monkeyb_ses-day29_task-sep_run-04_events.tsv
monkeyb	day318	sep	01	220	sub-monkeyb/ses-day318/ieeg/sub-monkeyb_ses-day318_task-sep_run-01_events.tsv
monkeyb	day318	sep	02	221	sub-monkeyb/ses-day318/ieeg/sub-monkeyb_ses-day318_task-sep_run-02_events.tsv
monkeyb	day336	listening	01	40	sub-monkeyb/ses-day336/ieeg/sub-monkeyb_ses-day336_task-listening_run-01_events.tsv
monkeyb	day336	listening	02	40	sub-monkeyb/ses-day336/ieeg/sub-monkeyb_ses-day336_task-listening_run-02_events.tsv
monkeyb	day336	listening	03	40	sub-monkeyb/ses-day336/ieeg/sub-monkeyb_ses-day336_task-listening_run-03_events.tsv
monkeyb	day336	listening	04	40	sub-monkeyb/ses-day336/ieeg/sub-monkeyb_ses-day336_task-listening_run-04_events.tsv
monkeyb	day343	reaching	01	36	sub-monkeyb/ses-day343/ieeg/sub-monkeyb_ses-day343_task-reaching_run-01_events.tsv
monkeyb	day343	reaching	02	49	sub-monkeyb/ses-day343/ieeg/sub-monkeyb_ses-day343_task-reaching_run-02_events.tsv
monkeyb	day350	listening	01	40	sub-monkeyb/ses-day350/ieeg/sub-monkeyb_ses-day350_task-listening_run-01_events.tsv
monkeyb	day350	listening	02	40	sub-monkeyb/ses-day350/ieeg/sub-monkeyb_ses-day350_task-listening_run-02_events.tsv
monkeyb	day350	listening	03	40	sub-monkeyb/ses-day350/ieeg/sub-monkeyb_ses-day350_task-listening_run-03_events.tsv
monkeyb	day350	listening	04	40	sub-monkeyb/ses-day350/ieeg/sub-monkeyb_ses-day350_task-listening_run-04_events.tsv
monkeyb	day350	reaching	01	56	sub-monkeyb/ses-day350/ieeg/sub-monkeyb_ses-day350_task-reaching_run-01_events.tsv
monkeyb	day350	reaching	02	52	sub-monkeyb/ses-day350/ieeg/sub-monkeyb_ses-day350_task-reaching_run-02_events.tsv
monkeyb	day351	sep	01	223	sub-monkeyb/ses-day351/ieeg/sub-monkeyb_ses-day351_task-sep_run-01_events.tsv
monkeyb	day351	sep	02	221	sub-monkeyb/ses-day351/ieeg/sub-monkeyb_ses-day351_task-sep_run-02_events.tsv
monkeyb	day359	reaching	01	54	sub-monkeyb/ses-day359/ieeg/sub-monkeyb_ses-day359_task-reaching_run-01_events.tsv
monkeyb	day359	reaching	02	60	sub-monkeyb/ses-day359/ieeg/sub-monkeyb_ses-day359_task-reaching_run-02_events.tsv
monkeyb	day36	listening	01	40	sub-monkeyb/ses-day36/ieeg/sub-monkeyb_ses-day36_task-listening_run-01_events.tsv
monkeyb	day36	listening	02	40	sub-monkeyb/ses-day36/ieeg/sub-monkeyb_ses-day36_task-listening_run-02_events.tsv
monkeyb	day36	listening	03	38	sub-monkeyb/ses-day36/ieeg/sub-monkeyb_ses-day36_task-listening_run-03_events.tsv
monkeyb	day36	listening	04	40	sub-monkeyb/ses-day36/ieeg/sub-monkeyb_ses-day36_task-listening_run-04_events.tsv
monkeyb	day363	listening	01	40	sub-monkeyb/ses-day363/ieeg/sub-monkeyb_ses-day363_task-listening_run-01_events.tsv
monkeyb	day363	listening	02	40	sub-monkeyb/ses-day363/ieeg/sub-monkeyb_ses-day363_task-listening_run-02_events.tsv
monkeyb	day363	listening	03	40	sub-monkeyb/ses-day363/ieeg/sub-monkeyb_ses-day363_task-listening_run-03_events.tsv
monkeyb	day363	listening	04	40	sub-monkeyb/ses-day363/ieeg/sub-monkeyb_ses-day363_task-listening_run-04_events.tsv
monkeyb	day366	reaching	01	58	sub-monkeyb/ses-day366/ieeg/sub-monkeyb_ses-day366_task-reaching_run-01_events.tsv
monkeyb	day366	reaching	02	61	sub-monkeyb/ses-day366/ieeg/sub-monkeyb_ses-day366_task-reaching_run-02_events.tsv
monkeyb	day373	reaching	01	59	sub-monkeyb/ses-day373/ieeg/sub-monkeyb_ses-day373_task-reaching_run-01_events.tsv
monkeyb	day373	reaching	02	61	sub-monkeyb/ses-day373/ieeg/sub-monkeyb_ses-day373_task-reaching_run-02_events.tsv
monkeyb	day377	listening	01	40	sub-monkeyb/ses-day377/ieeg/sub-monkeyb_ses-day377_task-listening_run-01_events.tsv
monkeyb	day377	listening	02	40	sub-monkeyb/ses-day377/ieeg/sub-monkeyb_ses-day377_task-listening_run-02_events.tsv
monkeyb	day377	listening	03	40	sub-monkeyb/ses-day377/ieeg/sub-monkeyb_ses-day377_task-listening_run-03_events.tsv
monkeyb	day377	listening	04	40	sub-monkeyb/ses-day377/ieeg/sub-monkeyb_ses-day377_task-listening_run-04_events.tsv
monkeyb	day380	reaching	01	64	sub-monkeyb/ses-day380/ieeg/sub-monkeyb_ses-day380_task-reaching_run-01_events.tsv
monkeyb	day380	reaching	02	65	sub-monkeyb/ses-day380/ieeg/sub-monkeyb_ses-day380_task-reaching_run-02_events.tsv
monkeyb	day384	reaching	01	54	sub-monkeyb/ses-day384/ieeg/sub-monkeyb_ses-day384_task-reaching_run-01_events.tsv
monkeyb	day384	reaching	02	65	sub-monkeyb/ses-day384/ieeg/sub-monkeyb_ses-day384_task-reaching_run-02_events.tsv
monkeyb	day387	sep	01	224	sub-monkeyb/ses-day387/ieeg/sub-monkeyb_ses-day387_task-sep_run-01_events.tsv
monkeyb	day387	sep	02	220	sub-monkeyb/ses-day387/ieeg/sub-monkeyb_ses-day387_task-sep_run-02_events.tsv
monkeyb	day392	listening	01	40	sub-monkeyb/ses-day392/ieeg/sub-monkeyb_ses-day392_task-listening_run-01_events.tsv
monkeyb	day392	listening	02	40	sub-monkeyb/ses-day392/ieeg/sub-monkeyb_ses-day392_task-listening_run-02_events.tsv
monkeyb	day392	listening	03	40	sub-monkeyb/ses-day392/ieeg/sub-monkeyb_ses-day392_task-listening_run-03_events.tsv
monkeyb	day392	listening	04	40	sub-monkeyb/ses-day392/ieeg/sub-monkeyb_ses-day392_task-listening_run-04_events.tsv
monkeyb	day394	reaching	01	61	sub-monkeyb/ses-day394/ieeg/sub-monkeyb_ses-day394_task-reaching_run-01_events.tsv
monkeyb	day394	reaching	02	62	sub-monkeyb/ses-day394/ieeg/sub-monkeyb_ses-day394_task-reaching_run-02_events.tsv
monkeyb	day402	reaching	01	19	sub-monkeyb/ses-day402/ieeg/sub-monkeyb_ses-day402_task-reaching_run-01_events.tsv
monkeyb	day402	reaching	02	44	sub-monkeyb/ses-day402/ieeg/sub-monkeyb_ses-day402_task-reaching_run-02_events.tsv
monkeyb	day402	reaching	03	60	sub-monkeyb/ses-day402/ieeg/sub-monkeyb_ses-day402_task-reaching_run-03_events.tsv
monkeyb	day406	listening	01	39	sub-monkeyb/ses-day406/ieeg/sub-monkeyb_ses-day406_task-listening_run-01_events.tsv
monkeyb	day406	listening	02	40	sub-monkeyb/ses-day406/ieeg/sub-monkeyb_ses-day406_task-listening_run-02_events.tsv
monkeyb	day406	listening	03	40	sub-monkeyb/ses-day406/ieeg/sub-monkeyb_ses-day406_task-listening_run-03_events.tsv
monkeyb	day406	listening	04	40	sub-monkeyb/ses-day406/ieeg/sub-monkeyb_ses-day406_task-listening_run-04_events.tsv
monkeyb	day408	reaching	01	62	sub-monkeyb/ses-day408/ieeg/sub-monkeyb_ses-day408_task-reaching_run-01_events.tsv
monkeyb	day408	reaching	02	60	sub-monkeyb/ses-day408/ieeg/sub-monkeyb_ses-day408_task-reaching_run-02_events.tsv
monkeyb	day413	reaching	01	60	sub-monkeyb/ses-day413/ieeg/sub-monkeyb_ses-day413_task-reaching_run-01_events.tsv
monkeyb	day413	reaching	02	6	sub-monkeyb/ses-day413/ieeg/sub-monkeyb_ses-day413_task-reaching_run-02_events.tsv
monkeyb	day413	reaching	03	60	sub-monkeyb/ses-day413/ieeg/sub-monkeyb_ses-day413_task-reaching_run-03_events.tsv
monkeyb	day420	reaching	01	57	sub-monkeyb/ses-day420/ieeg/sub-monkeyb_ses-day420_task-reaching_run-01_events.tsv
monkeyb	day420	reaching	02	61	sub-monkeyb/ses-day420/ieeg/sub-monkeyb_ses-day420_task-reaching_run-02_events.tsv
monkeyb	day422	listening	01	40	sub-monkeyb/ses-day422/ieeg/sub-monkeyb_ses-day422_task-listening_run-01_events.tsv
monkeyb	day422	listening	02	40	sub-monkeyb/ses-day422/ieeg/sub-monkeyb_ses-day422_task-listening_run-02_events.tsv
monkeyb	day422	listening	03	40	sub-monkeyb/ses-day422/ieeg/sub-monkeyb_ses-day422_task-listening_run-03_events.tsv
monkeyb	day422	listening	04	40	sub-monkeyb/ses-day422/ieeg/sub-monkeyb_ses-day422_task-listening_run-04_events.tsv
monkeyb	day427	reaching	01	40	sub-monkeyb/ses-day427/ieeg/sub-monkeyb_ses-day427_task-reaching_run-01_events.tsv
monkeyb	day427	reaching	02	21	sub-monkeyb/ses-day427/ieeg/sub-monkeyb_ses-day427_task-reaching_run-02_events.tsv
monkeyb	day427	reaching	03	60	sub-monkeyb/ses-day427/ieeg/sub-monkeyb_ses-day427_task-reaching_run-03_events.tsv
monkeyb	day43	pressing	01	4	sub-monkeyb/ses-day43/ieeg/sub-monkeyb_ses-day43_task-pressing_run-01_events.tsv
monkeyb	day43	reaching	01	11	sub-monkeyb/ses-day43/ieeg/sub-monkeyb_ses-day43_task-reaching_run-01_events.tsv
monkeyb	day43	reaching	02	32	sub-monkeyb/ses-day43/ieeg/sub-monkeyb_ses-day43_task-reaching_run-02_events.tsv
monkeyb	day43	reaching	03	35	sub-monkeyb/ses-day43/ieeg/sub-monkeyb_ses-day43_task-reaching_run-03_events.tsv
monkeyb	day434	reaching	01	60	sub-monkeyb/ses-day434/ieeg/sub-monkeyb_ses-day434_task-reaching_run-01_events.tsv
monkeyb	day434	reaching	02	60	sub-monkeyb/ses-day434/ieeg/sub-monkeyb_ses-day434_task-reaching_run-02_events.tsv
monkeyb	day435	listening	01	40	sub-monkeyb/ses-day435/ieeg/sub-monkeyb_ses-day435_task-listening_run-01_events.tsv
monkeyb	day435	listening	02	40	sub-monkeyb/ses-day435/ieeg/sub-monkeyb_ses-day435_task-listening_run-02_events.tsv
monkeyb	day435	listening	03	40	sub-monkeyb/ses-day435/ieeg/sub-monkeyb_ses-day435_task-listening_run-03_events.tsv
monkeyb	day435	listening	04	40	sub-monkeyb/ses-day435/ieeg/sub-monkeyb_ses-day435_task-listening_run-04_events.tsv
monkeyb	day441	reaching	01	57	sub-monkeyb/ses-day441/ieeg/sub-monkeyb_ses-day441_task-reaching_run-01_events.tsv
monkeyb	day441	reaching	02	61	sub-monkeyb/ses-day441/ieeg/sub-monkeyb_ses-day441_task-reaching_run-02_events.tsv
monkeyb	day448	reaching	01	60	sub-monkeyb/ses-day448/ieeg/sub-monkeyb_ses-day448_task-reaching_run-01_events.tsv
monkeyb	day448	reaching	02	59	sub-monkeyb/ses-day448/ieeg/sub-monkeyb_ses-day448_task-reaching_run-02_events.tsv
monkeyb	day45	pressing	01	116	sub-monkeyb/ses-day45/ieeg/sub-monkeyb_ses-day45_task-pressing_run-01_events.tsv
monkeyb	day450	listening	01	40	sub-monkeyb/ses-day450/ieeg/sub-monkeyb_ses-day450_task-listening_run-01_events.tsv
monkeyb	day450	listening	02	40	sub-monkeyb/ses-day450/ieeg/sub-monkeyb_ses-day450_task-listening_run-02_events.tsv
monkeyb	day450	listening	03	40	sub-monkeyb/ses-day450/ieeg/sub-monkeyb_ses-day450_task-listening_run-03_events.tsv
monkeyb	day450	listening	04	40	sub-monkeyb/ses-day450/ieeg/sub-monkeyb_ses-day450_task-listening_run-04_events.tsv
monkeyb	day455	reaching	01	24	sub-monkeyb/ses-day455/ieeg/sub-monkeyb_ses-day455_task-reaching_run-01_events.tsv
monkeyb	day455	reaching	02	33	sub-monkeyb/ses-day455/ieeg/sub-monkeyb_ses-day455_task-reaching_run-02_events.tsv
monkeyb	day455	reaching	03	59	sub-monkeyb/ses-day455/ieeg/sub-monkeyb_ses-day455_task-reaching_run-03_events.tsv
monkeyb	day463	reaching	01	62	sub-monkeyb/ses-day463/ieeg/sub-monkeyb_ses-day463_task-reaching_run-01_events.tsv
monkeyb	day463	reaching	02	60	sub-monkeyb/ses-day463/ieeg/sub-monkeyb_ses-day463_task-reaching_run-02_events.tsv
monkeyb	day464	listening	01	40	sub-monkeyb/ses-day464/ieeg/sub-monkeyb_ses-day464_task-listening_run-01_events.tsv
monkeyb	day464	listening	02	40	sub-monkeyb/ses-day464/ieeg/sub-monkeyb_ses-day464_task-listening_run-02_events.tsv
monkeyb	day464	listening	03	40	sub-monkeyb/ses-day464/ieeg/sub-monkeyb_ses-day464_task-listening_run-03_events.tsv
monkeyb	day464	listening	04	40	sub-monkeyb/ses-day464/ieeg/sub-monkeyb_ses-day464_task-listening_run-04_events.tsv
monkeyb	day465	sep	01	220	sub-monkeyb/ses-day465/ieeg/sub-monkeyb_ses-day465_task-sep_run-01_events.tsv
monkeyb	day465	sep	02	224	sub-monkeyb/ses-day465/ieeg/sub-monkeyb_ses-day465_task-sep_run-02_events.tsv
monkeyb	day468	reaching	01	62	sub-monkeyb/ses-day468/ieeg/sub-monkeyb_ses-day468_task-reaching_run-01_events.tsv
monkeyb	day468	reaching	02	61	sub-monkeyb/ses-day468/ieeg/sub-monkeyb_ses-day468_task-reaching_run-02_events.tsv
monkeyb	day475	reaching	01	61	sub-monkeyb/ses-day475/ieeg/sub-monkeyb_ses-day475_task-reaching_run-01_events.tsv
monkeyb	day475	reaching	02	60	sub-monkeyb/ses-day475/ieeg/sub-monkeyb_ses-day475_task-reaching_run-02_events.tsv
monkeyb	day478	listening	01	40	sub-monkeyb/ses-day478/ieeg/sub-monkeyb_ses-day478_task-listening_run-01_events.tsv
monkeyb	day478	listening	02	40	sub-monkeyb/ses-day478/ieeg/sub-monkeyb_ses-day478_task-listening_run-02_events.tsv
monkeyb	day478	listening	03	40	sub-monkeyb/ses-day478/ieeg/sub-monkeyb_ses-day478_task-listening_run-03_events.tsv
monkeyb	day478	listening	04	40	sub-monkeyb/ses-day478/ieeg/sub-monkeyb_ses-day478_task-listening_run-04_events.tsv
monkeyb	day483	reaching	01	52	sub-monkeyb/ses-day483/ieeg/sub-monkeyb_ses-day483_task-reaching_run-01_events.tsv
monkeyb	day483	reaching	02	16	sub-monkeyb/ses-day483/ieeg/sub-monkeyb_ses-day483_task-reaching_run-02_events.tsv
monkeyb	day483	reaching	03	38	sub-monkeyb/ses-day483/ieeg/sub-monkeyb_ses-day483_task-reaching_run-03_events.tsv
monkeyb	day483	reaching	04	24	sub-monkeyb/ses-day483/ieeg/sub-monkeyb_ses-day483_task-reaching_run-04_events.tsv
monkeyb	day490	reaching	01	61	sub-monkeyb/ses-day490/ieeg/sub-monkeyb_ses-day490_task-reaching_run-01_events.tsv
monkeyb	day490	reaching	02	60	sub-monkeyb/ses-day490/ieeg/sub-monkeyb_ses-day490_task-reaching_run-02_events.tsv
monkeyb	day492	listening	01	40	sub-monkeyb/ses-day492/ieeg/sub-monkeyb_ses-day492_task-listening_run-01_events.tsv
monkeyb	day492	listening	02	40	sub-monkeyb/ses-day492/ieeg/sub-monkeyb_ses-day492_task-listening_run-02_events.tsv
monkeyb	day492	listening	03	40	sub-monkeyb/ses-day492/ieeg/sub-monkeyb_ses-day492_task-listening_run-03_events.tsv
monkeyb	day492	listening	04	40	sub-monkeyb/ses-day492/ieeg/sub-monkeyb_ses-day492_task-listening_run-04_events.tsv
monkeyb	day497	reaching	01	60	sub-monkeyb/ses-day497/ieeg/sub-monkeyb_ses-day497_task-reaching_run-01_events.tsv
monkeyb	day497	reaching	02	61	sub-monkeyb/ses-day497/ieeg/sub-monkeyb_ses-day497_task-reaching_run-02_events.tsv
monkeyb	day499	listening	01	40	sub-monkeyb/ses-day499/ieeg/sub-monkeyb_ses-day499_task-listening_run-01_events.tsv
monkeyb	day499	listening	02	40	sub-monkeyb/ses-day499/ieeg/sub-monkeyb_ses-day499_task-listening_run-02_events.tsv
monkeyb	day499	listening	03	40	sub-monkeyb/ses-day499/ieeg/sub-monkeyb_ses-day499_task-listening_run-03_events.tsv
monkeyb	day499	listening	04	40	sub-monkeyb/ses-day499/ieeg/sub-monkeyb_ses-day499_task-listening_run-04_events.tsv
monkeyb	day50	listening	01	40	sub-monkeyb/ses-day50/ieeg/sub-monkeyb_ses-day50_task-listening_run-01_events.tsv
monkeyb	day50	listening	02	38	sub-monkeyb/ses-day50/ieeg/sub-monkeyb_ses-day50_task-listening_run-02_events.tsv
monkeyb	day50	listening	03	36	sub-monkeyb/ses-day50/ieeg/sub-monkeyb_ses-day50_task-listening_run-03_events.tsv
monkeyb	day50	listening	04	40	sub-monkeyb/ses-day50/ieeg/sub-monkeyb_ses-day50_task-listening_run-04_events.tsv
monkeyb	day503	reaching	01	61	sub-monkeyb/ses-day503/ieeg/sub-monkeyb_ses-day503_task-reaching_run-01_events.tsv
monkeyb	day503	reaching	02	62	sub-monkeyb/ses-day503/ieeg/sub-monkeyb_ses-day503_task-reaching_run-02_events.tsv
monkeyb	day506	listening	01	40	sub-monkeyb/ses-day506/ieeg/sub-monkeyb_ses-day506_task-listening_run-01_events.tsv
monkeyb	day506	listening	02	40	sub-monkeyb/ses-day506/ieeg/sub-monkeyb_ses-day506_task-listening_run-02_events.tsv
monkeyb	day506	listening	03	40	sub-monkeyb/ses-day506/ieeg/sub-monkeyb_ses-day506_task-listening_run-03_events.tsv
monkeyb	day506	listening	04	40	sub-monkeyb/ses-day506/ieeg/sub-monkeyb_ses-day506_task-listening_run-04_events.tsv
monkeyb	day510	reaching	01	63	sub-monkeyb/ses-day510/ieeg/sub-monkeyb_ses-day510_task-reaching_run-01_events.tsv
monkeyb	day510	reaching	02	61	sub-monkeyb/ses-day510/ieeg/sub-monkeyb_ses-day510_task-reaching_run-02_events.tsv
monkeyb	day513	listening	01	40	sub-monkeyb/ses-day513/ieeg/sub-monkeyb_ses-day513_task-listening_run-01_events.tsv
monkeyb	day513	listening	02	40	sub-monkeyb/ses-day513/ieeg/sub-monkeyb_ses-day513_task-listening_run-02_events.tsv
monkeyb	day513	listening	03	40	sub-monkeyb/ses-day513/ieeg/sub-monkeyb_ses-day513_task-listening_run-03_events.tsv
monkeyb	day513	listening	04	40	sub-monkeyb/ses-day513/ieeg/sub-monkeyb_ses-day513_task-listening_run-04_events.tsv
monkeyb	day517	reaching	01	42	sub-monkeyb/ses-day517/ieeg/sub-monkeyb_ses-day517_task-reaching_run-01_events.tsv
monkeyb	day517	reaching	02	20	sub-monkeyb/ses-day517/ieeg/sub-monkeyb_ses-day517_task-reaching_run-02_events.tsv
monkeyb	day517	reaching	03	61	sub-monkeyb/ses-day517/ieeg/sub-monkeyb_ses-day517_task-reaching_run-03_events.tsv
monkeyb	day52	pressing	01	96	sub-monkeyb/ses-day52/ieeg/sub-monkeyb_ses-day52_task-pressing_run-01_events.tsv
monkeyb	day520	listening	01	40	sub-monkeyb/ses-day520/ieeg/sub-monkeyb_ses-day520_task-listening_run-01_events.tsv
monkeyb	day520	listening	02	40	sub-monkeyb/ses-day520/ieeg/sub-monkeyb_ses-day520_task-listening_run-02_events.tsv
monkeyb	day520	listening	03	40	sub-monkeyb/ses-day520/ieeg/sub-monkeyb_ses-day520_task-listening_run-03_events.tsv
monkeyb	day520	listening	04	40	sub-monkeyb/ses-day520/ieeg/sub-monkeyb_ses-day520_task-listening_run-04_events.tsv
monkeyb	day524	reaching	01	38	sub-monkeyb/ses-day524/ieeg/sub-monkeyb_ses-day524_task-reaching_run-01_events.tsv
monkeyb	day524	reaching	02	22	sub-monkeyb/ses-day524/ieeg/sub-monkeyb_ses-day524_task-reaching_run-02_events.tsv
monkeyb	day524	reaching	03	63	sub-monkeyb/ses-day524/ieeg/sub-monkeyb_ses-day524_task-reaching_run-03_events.tsv
monkeyb	day525	sep	01	224	sub-monkeyb/ses-day525/ieeg/sub-monkeyb_ses-day525_task-sep_run-01_events.tsv
monkeyb	day525	sep	02	229	sub-monkeyb/ses-day525/ieeg/sub-monkeyb_ses-day525_task-sep_run-02_events.tsv
monkeyb	day56	sep	01	200	sub-monkeyb/ses-day56/ieeg/sub-monkeyb_ses-day56_task-sep_run-01_events.tsv
monkeyb	day56	sep	02	199	sub-monkeyb/ses-day56/ieeg/sub-monkeyb_ses-day56_task-sep_run-02_events.tsv
monkeyb	day59	reaching	01	29	sub-monkeyb/ses-day59/ieeg/sub-monkeyb_ses-day59_task-reaching_run-01_events.tsv
monkeyb	day59	reaching	02	33	sub-monkeyb/ses-day59/ieeg/sub-monkeyb_ses-day59_task-reaching_run-02_events.tsv
monkeyb	day64	listening	01	40	sub-monkeyb/ses-day64/ieeg/sub-monkeyb_ses-day64_task-listening_run-01_events.tsv
monkeyb	day64	listening	02	40	sub-monkeyb/ses-day64/ieeg/sub-monkeyb_ses-day64_task-listening_run-02_events.tsv
monkeyb	day64	listening	03	40	sub-monkeyb/ses-day64/ieeg/sub-monkeyb_ses-day64_task-listening_run-03_events.tsv
monkeyb	day64	listening	04	40	sub-monkeyb/ses-day64/ieeg/sub-monkeyb_ses-day64_task-listening_run-04_events.tsv
monkeyb	day71	reaching	01	28	sub-monkeyb/ses-day71/ieeg/sub-monkeyb_ses-day71_task-reaching_run-01_events.tsv
monkeyb	day80	listening	01	20	sub-monkeyb/ses-day80/ieeg/sub-monkeyb_ses-day80_task-listening_run-01_events.tsv
monkeyb	day80	listening	02	20	sub-monkeyb/ses-day80/ieeg/sub-monkeyb_ses-day80_task-listening_run-02_events.tsv
monkeyb	day80	listening	03	20	sub-monkeyb/ses-day80/ieeg/sub-monkeyb_ses-day80_task-listening_run-03_events.tsv
monkeyb	day80	listening	04	20	sub-monkeyb/ses-day80/ieeg/sub-monkeyb_ses-day80_task-listening_run-04_events.tsv
monkeyb	day80	listening	05	20	sub-monkeyb/ses-day80/ieeg/sub-monkeyb_ses-day80_task-listening_run-05_events.tsv
monkeyb	day80	listening	06	20	sub-monkeyb/ses-day80/ieeg/sub-monkeyb_ses-day80_task-listening_run-06_events.tsv
monkeyb	day83	listening	01	40	sub-monkeyb/ses-day83/ieeg/sub-monkeyb_ses-day83_task-listening_run-01_events.tsv
monkeyb	day83	listening	02	40	sub-monkeyb/ses-day83/ieeg/sub-monkeyb_ses-day83_task-listening_run-02_events.tsv
monkeyb	day83	listening	03	40	sub-monkeyb/ses-day83/ieeg/sub-monkeyb_ses-day83_task-listening_run-03_events.tsv
monkeyb	day83	listening	04	40	sub-monkeyb/ses-day83/ieeg/sub-monkeyb_ses-day83_task-listening_run-04_events.tsv
monkeyb	day92	listening	01	40	sub-monkeyb/ses-day92/ieeg/sub-monkeyb_ses-day92_task-listening_run-01_events.tsv
monkeyb	day92	listening	02	40	sub-monkeyb/ses-day92/ieeg/sub-monkeyb_ses-day92_task-listening_run-02_events.tsv
monkeyb	day92	listening	03	40	sub-monkeyb/ses-day92/ieeg/sub-monkeyb_ses-day92_task-listening_run-03_events.tsv
monkeyb	day92	listening	04	40	sub-monkeyb/ses-day92/ieeg/sub-monkeyb_ses-day92_task-listening_run-04_events.tsv
monkeyb	day97	listening	01	40	sub-monkeyb/ses-day97/ieeg/sub-monkeyb_ses-day97_task-listening_run-01_events.tsv
monkeyb	day97	listening	02	32	sub-monkeyb/ses-day97/ieeg/sub-monkeyb_ses-day97_task-listening_run-02_events.tsv
monkeyb	day97	listening	03	40	sub-monkeyb/ses-day97/ieeg/sub-monkeyb_ses-day97_task-listening_run-03_events.tsv
monkeyb	day97	listening	04	40	sub-monkeyb/ses-day97/ieeg/sub-monkeyb_ses-day97_task-listening_run-04_events.tsv
monkeyb	day99	sep	01	219	sub-monkeyb/ses-day99/ieeg/sub-monkeyb_ses-day99_task-sep_run-01_events.tsv
monkeyb	day99	sep	02	231	sub-monkeyb/ses-day99/ieeg/sub-monkeyb_ses-day99_task-sep_run-02_events.tsv
monkeyb	day99	sep	03	164	sub-monkeyb/ses-day99/ieeg/sub-monkeyb_ses-day99_task-sep_run-03_events.tsv
monkeyc	day05	pressing	01	53	sub-monkeyc/ses-day05/ieeg/sub-monkeyc_ses-day05_task-pressing_run-01_events.tsv
monkeyc	day06	sep	01	272	sub-monkeyc/ses-day06/ieeg/sub-monkeyc_ses-day06_task-sep_run-01_events.tsv
monkeyc	day06	sep	02	138	sub-monkeyc/ses-day06/ieeg/sub-monkeyc_ses-day06_task-sep_run-02_events.tsv
monkeyc	day06	sep	03	213	sub-monkeyc/ses-day06/ieeg/sub-monkeyc_ses-day06_task-sep_run-03_events.tsv
monkeyc	day06	sep	04	52	sub-monkeyc/ses-day06/ieeg/sub-monkeyc_ses-day06_task-sep_run-04_events.tsv
monkeyc	day06	sep	05	133	sub-monkeyc/ses-day06/ieeg/sub-monkeyc_ses-day06_task-sep_run-05_events.tsv
monkeyc	day06	sep	06	203	sub-monkeyc/ses-day06/ieeg/sub-monkeyc_ses-day06_task-sep_run-06_events.tsv
monkeyc	day13	sep	01	169	sub-monkeyc/ses-day13/ieeg/sub-monkeyc_ses-day13_task-sep_run-01_events.tsv
monkeyc	day13	sep	02	197	sub-monkeyc/ses-day13/ieeg/sub-monkeyc_ses-day13_task-sep_run-02_events.tsv
monkeyc	day13	sep	03	162	sub-monkeyc/ses-day13/ieeg/sub-monkeyc_ses-day13_task-sep_run-03_events.tsv
monkeyc	day159	listening	01	30	sub-monkeyc/ses-day159/ieeg/sub-monkeyc_ses-day159_task-listening_run-01_events.tsv
monkeyc	day159	listening	02	30	sub-monkeyc/ses-day159/ieeg/sub-monkeyc_ses-day159_task-listening_run-02_events.tsv
monkeyc	day159	listening	03	30	sub-monkeyc/ses-day159/ieeg/sub-monkeyc_ses-day159_task-listening_run-03_events.tsv
monkeyc	day159	listening	04	30	sub-monkeyc/ses-day159/ieeg/sub-monkeyc_ses-day159_task-listening_run-04_events.tsv
monkeyc	day159	listening	05	30	sub-monkeyc/ses-day159/ieeg/sub-monkeyc_ses-day159_task-listening_run-05_events.tsv
monkeyc	day159	listening	06	30	sub-monkeyc/ses-day159/ieeg/sub-monkeyc_ses-day159_task-listening_run-06_events.tsv
monkeyc	day159	listening	07	30	sub-monkeyc/ses-day159/ieeg/sub-monkeyc_ses-day159_task-listening_run-07_events.tsv
monkeyc	day162	listening	01	30	sub-monkeyc/ses-day162/ieeg/sub-monkeyc_ses-day162_task-listening_run-01_events.tsv
monkeyc	day162	listening	02	30	sub-monkeyc/ses-day162/ieeg/sub-monkeyc_ses-day162_task-listening_run-02_events.tsv
monkeyc	day162	listening	03	30	sub-monkeyc/ses-day162/ieeg/sub-monkeyc_ses-day162_task-listening_run-03_events.tsv
monkeyc	day162	listening	04	30	sub-monkeyc/ses-day162/ieeg/sub-monkeyc_ses-day162_task-listening_run-04_events.tsv
monkeyc	day162	listening	05	30	sub-monkeyc/ses-day162/ieeg/sub-monkeyc_ses-day162_task-listening_run-05_events.tsv
monkeyc	day162	listening	06	30	sub-monkeyc/ses-day162/ieeg/sub-monkeyc_ses-day162_task-listening_run-06_events.tsv
monkeyc	day162	listening	07	30	sub-monkeyc/ses-day162/ieeg/sub-monkeyc_ses-day162_task-listening_run-07_events.tsv
monkeyc	day166	listening	01	30	sub-monkeyc/ses-day166/ieeg/sub-monkeyc_ses-day166_task-listening_run-01_events.tsv
monkeyc	day166	listening	02	30	sub-monkeyc/ses-day166/ieeg/sub-monkeyc_ses-day166_task-listening_run-02_events.tsv
monkeyc	day166	listening	03	30	sub-monkeyc/ses-day166/ieeg/sub-monkeyc_ses-day166_task-listening_run-03_events.tsv
monkeyc	day166	listening	04	30	sub-monkeyc/ses-day166/ieeg/sub-monkeyc_ses-day166_task-listening_run-04_events.tsv
monkeyc	day166	listening	05	30	sub-monkeyc/ses-day166/ieeg/sub-monkeyc_ses-day166_task-listening_run-05_events.tsv
monkeyc	day166	listening	06	30	sub-monkeyc/ses-day166/ieeg/sub-monkeyc_ses-day166_task-listening_run-06_events.tsv
monkeyc	day169	listening	01	30	sub-monkeyc/ses-day169/ieeg/sub-monkeyc_ses-day169_task-listening_run-01_events.tsv
monkeyc	day169	listening	02	30	sub-monkeyc/ses-day169/ieeg/sub-monkeyc_ses-day169_task-listening_run-02_events.tsv
monkeyc	day169	listening	03	30	sub-monkeyc/ses-day169/ieeg/sub-monkeyc_ses-day169_task-listening_run-03_events.tsv
monkeyc	day169	listening	04	30	sub-monkeyc/ses-day169/ieeg/sub-monkeyc_ses-day169_task-listening_run-04_events.tsv
monkeyc	day169	listening	05	30	sub-monkeyc/ses-day169/ieeg/sub-monkeyc_ses-day169_task-listening_run-05_events.tsv
monkeyc	day169	listening	06	30	sub-monkeyc/ses-day169/ieeg/sub-monkeyc_ses-day169_task-listening_run-06_events.tsv
monkeyc	day169	listening	07	30	sub-monkeyc/ses-day169/ieeg/sub-monkeyc_ses-day169_task-listening_run-07_events.tsv
monkeyc	day169	listening	08	30	sub-monkeyc/ses-day169/ieeg/sub-monkeyc_ses-day169_task-listening_run-08_events.tsv
monkeyc	day169	listening	09	30	sub-monkeyc/ses-day169/ieeg/sub-monkeyc_ses-day169_task-listening_run-09_events.tsv
monkeyc	day180	listening	01	30	sub-monkeyc/ses-day180/ieeg/sub-monkeyc_ses-day180_task-listening_run-01_events.tsv
monkeyc	day180	listening	02	30	sub-monkeyc/ses-day180/ieeg/sub-monkeyc_ses-day180_task-listening_run-02_events.tsv
monkeyc	day197	pressing	01	41	sub-monkeyc/ses-day197/ieeg/sub-monkeyc_ses-day197_task-pressing_run-01_events.tsv
monkeyc	day197	pressing	02	47	sub-monkeyc/ses-day197/ieeg/sub-monkeyc_ses-day197_task-pressing_run-02_events.tsv
monkeyc	day197	pressing	03	82	sub-monkeyc/ses-day197/ieeg/sub-monkeyc_ses-day197_task-pressing_run-03_events.tsv
monkeyc	day208	pressing	01	28	sub-monkeyc/ses-day208/ieeg/sub-monkeyc_ses-day208_task-pressing_run-01_events.tsv
monkeyc	day208	pressing	02	44	sub-monkeyc/ses-day208/ieeg/sub-monkeyc_ses-day208_task-pressing_run-02_events.tsv
monkeyc	day208	pressing	03	54	sub-monkeyc/ses-day208/ieeg/sub-monkeyc_ses-day208_task-pressing_run-03_events.tsv
monkeyc	day211	pressing	01	77	sub-monkeyc/ses-day211/ieeg/sub-monkeyc_ses-day211_task-pressing_run-01_events.tsv
monkeyc	day211	pressing	02	44	sub-monkeyc/ses-day211/ieeg/sub-monkeyc_ses-day211_task-pressing_run-02_events.tsv
monkeyc	day218	pressing	01	75	sub-monkeyc/ses-day218/ieeg/sub-monkeyc_ses-day218_task-pressing_run-01_events.tsv
monkeyc	day218	pressing	02	96	sub-monkeyc/ses-day218/ieeg/sub-monkeyc_ses-day218_task-pressing_run-02_events.tsv
monkeyc	day225	listening	01	30	sub-monkeyc/ses-day225/ieeg/sub-monkeyc_ses-day225_task-listening_run-01_events.tsv
monkeyc	day225	listening	02	30	sub-monkeyc/ses-day225/ieeg/sub-monkeyc_ses-day225_task-listening_run-02_events.tsv
monkeyc	day225	pressing	01	83	sub-monkeyc/ses-day225/ieeg/sub-monkeyc_ses-day225_task-pressing_run-01_events.tsv
monkeyc	day225	pressing	02	53	sub-monkeyc/ses-day225/ieeg/sub-monkeyc_ses-day225_task-pressing_run-02_events.tsv
monkeyc	day229	reaching	01	30	sub-monkeyc/ses-day229/ieeg/sub-monkeyc_ses-day229_task-reaching_run-01_events.tsv
monkeyc	day229	reaching	02	34	sub-monkeyc/ses-day229/ieeg/sub-monkeyc_ses-day229_task-reaching_run-02_events.tsv
monkeyc	day229	sep	01	442	sub-monkeyc/ses-day229/ieeg/sub-monkeyc_ses-day229_task-sep_run-01_events.tsv
monkeyc	day229	sep	02	451	sub-monkeyc/ses-day229/ieeg/sub-monkeyc_ses-day229_task-sep_run-02_events.tsv
monkeyc	day237	pressing	01	29	sub-monkeyc/ses-day237/ieeg/sub-monkeyc_ses-day237_task-pressing_run-01_events.tsv
monkeyc	day244	pressing	01	105	sub-monkeyc/ses-day244/ieeg/sub-monkeyc_ses-day244_task-pressing_run-01_events.tsv
monkeyc	day246	listening	01	40	sub-monkeyc/ses-day246/ieeg/sub-monkeyc_ses-day246_task-listening_run-01_events.tsv
monkeyc	day246	listening	02	40	sub-monkeyc/ses-day246/ieeg/sub-monkeyc_ses-day246_task-listening_run-02_events.tsv
monkeyc	day246	listening	03	40	sub-monkeyc/ses-day246/ieeg/sub-monkeyc_ses-day246_task-listening_run-03_events.tsv
monkeyc	day246	listening	04	40	sub-monkeyc/ses-day246/ieeg/sub-monkeyc_ses-day246_task-listening_run-04_events.tsv
monkeyc	day246	listening	05	40	sub-monkeyc/ses-day246/ieeg/sub-monkeyc_ses-day246_task-listening_run-05_events.tsv
monkeyc	day246	reaching	01	29	sub-monkeyc/ses-day246/ieeg/sub-monkeyc_ses-day246_task-reaching_run-01_events.tsv
monkeyc	day246	reaching	02	35	sub-monkeyc/ses-day246/ieeg/sub-monkeyc_ses-day246_task-reaching_run-02_events.tsv
monkeyc	day250	sep	01	212	sub-monkeyc/ses-day250/ieeg/sub-monkeyc_ses-day250_task-sep_run-01_events.tsv
monkeyc	day250	sep	02	266	sub-monkeyc/ses-day250/ieeg/sub-monkeyc_ses-day250_task-sep_run-02_events.tsv
monkeyc	day253	pressing	01	75	sub-monkeyc/ses-day253/ieeg/sub-monkeyc_ses-day253_task-pressing_run-01_events.tsv
monkeyc	day257	sep	01	199	sub-monkeyc/ses-day257/ieeg/sub-monkeyc_ses-day257_task-sep_run-01_events.tsv
monkeyc	day257	sep	02	200	sub-monkeyc/ses-day257/ieeg/sub-monkeyc_ses-day257_task-sep_run-02_events.tsv
monkeyc	day260	reaching	01	27	sub-monkeyc/ses-day260/ieeg/sub-monkeyc_ses-day260_task-reaching_run-01_events.tsv
monkeyc	day260	reaching	02	30	sub-monkeyc/ses-day260/ieeg/sub-monkeyc_ses-day260_task-reaching_run-02_events.tsv
monkeyc	day260	reaching	03	27	sub-monkeyc/ses-day260/ieeg/sub-monkeyc_ses-day260_task-reaching_run-03_events.tsv
monkeyc	day265	listening	01	40	sub-monkeyc/ses-day265/ieeg/sub-monkeyc_ses-day265_task-listening_run-01_events.tsv
monkeyc	day265	listening	02	40	sub-monkeyc/ses-day265/ieeg/sub-monkeyc_ses-day265_task-listening_run-02_events.tsv
monkeyc	day265	listening	03	40	sub-monkeyc/ses-day265/ieeg/sub-monkeyc_ses-day265_task-listening_run-03_events.tsv
monkeyc	day265	listening	04	40	sub-monkeyc/ses-day265/ieeg/sub-monkeyc_ses-day265_task-listening_run-04_events.tsv
monkeyc	day265	listening	05	40	sub-monkeyc/ses-day265/ieeg/sub-monkeyc_ses-day265_task-listening_run-05_events.tsv
monkeyc	day265	listening	06	40	sub-monkeyc/ses-day265/ieeg/sub-monkeyc_ses-day265_task-listening_run-06_events.tsv
monkeyc	day267	pressing	01	80	sub-monkeyc/ses-day267/ieeg/sub-monkeyc_ses-day267_task-pressing_run-01_events.tsv
monkeyc	day274	pressing	01	53	sub-monkeyc/ses-day274/ieeg/sub-monkeyc_ses-day274_task-pressing_run-01_events.tsv
monkeyc	day274	pressing	02	16	sub-monkeyc/ses-day274/ieeg/sub-monkeyc_ses-day274_task-pressing_run-02_events.tsv
monkeyc	day277	pressing	01	57	sub-monkeyc/ses-day277/ieeg/sub-monkeyc_ses-day277_task-pressing_run-01_events.tsv
monkeyc	day279	listening	01	40	sub-monkeyc/ses-day279/ieeg/sub-monkeyc_ses-day279_task-listening_run-01_events.tsv
monkeyc	day279	listening	02	40	sub-monkeyc/ses-day279/ieeg/sub-monkeyc_ses-day279_task-listening_run-02_events.tsv
monkeyc	day279	listening	03	40	sub-monkeyc/ses-day279/ieeg/sub-monkeyc_ses-day279_task-listening_run-03_events.tsv
monkeyc	day279	listening	04	40	sub-monkeyc/ses-day279/ieeg/sub-monkeyc_ses-day279_task-listening_run-04_events.tsv
monkeyc	day279	listening	05	40	sub-monkeyc/ses-day279/ieeg/sub-monkeyc_ses-day279_task-listening_run-05_events.tsv
monkeyc	day279	listening	06	40	sub-monkeyc/ses-day279/ieeg/sub-monkeyc_ses-day279_task-listening_run-06_events.tsv
monkeyc	day279	reaching	01	37	sub-monkeyc/ses-day279/ieeg/sub-monkeyc_ses-day279_task-reaching_run-01_events.tsv
monkeyc	day279	reaching	02	41	sub-monkeyc/ses-day279/ieeg/sub-monkeyc_ses-day279_task-reaching_run-02_events.tsv
monkeyc	day281	pressing	01	14	sub-monkeyc/ses-day281/ieeg/sub-monkeyc_ses-day281_task-pressing_run-01_events.tsv
monkeyc	day281	pressing	02	28	sub-monkeyc/ses-day281/ieeg/sub-monkeyc_ses-day281_task-pressing_run-02_events.tsv
monkeyc	day284	listening	01	40	sub-monkeyc/ses-day284/ieeg/sub-monkeyc_ses-day284_task-listening_run-01_events.tsv
monkeyc	day284	listening	02	23	sub-monkeyc/ses-day284/ieeg/sub-monkeyc_ses-day284_task-listening_run-02_events.tsv
monkeyc	day284	listening	03	40	sub-monkeyc/ses-day284/ieeg/sub-monkeyc_ses-day284_task-listening_run-03_events.tsv
monkeyc	day284	listening	04	40	sub-monkeyc/ses-day284/ieeg/sub-monkeyc_ses-day284_task-listening_run-04_events.tsv
monkeyc	day284	listening	05	40	sub-monkeyc/ses-day284/ieeg/sub-monkeyc_ses-day284_task-listening_run-05_events.tsv
monkeyc	day284	listening	06	40	sub-monkeyc/ses-day284/ieeg/sub-monkeyc_ses-day284_task-listening_run-06_events.tsv
monkeyc	day284	reaching	01	40	sub-monkeyc/ses-day284/ieeg/sub-monkeyc_ses-day284_task-reaching_run-01_events.tsv
monkeyc	day284	reaching	02	39	sub-monkeyc/ses-day284/ieeg/sub-monkeyc_ses-day284_task-reaching_run-02_events.tsv
monkeyc	day284	reaching	03	40	sub-monkeyc/ses-day284/ieeg/sub-monkeyc_ses-day284_task-reaching_run-03_events.tsv
monkeyc	day286	pressing	01	131	sub-monkeyc/ses-day286/ieeg/sub-monkeyc_ses-day286_task-pressing_run-01_events.tsv
monkeyc	day293	listening	01	40	sub-monkeyc/ses-day293/ieeg/sub-monkeyc_ses-day293_task-listening_run-01_events.tsv
monkeyc	day293	listening	02	21	sub-monkeyc/ses-day293/ieeg/sub-monkeyc_ses-day293_task-listening_run-02_events.tsv
monkeyc	day293	listening	03	40	sub-monkeyc/ses-day293/ieeg/sub-monkeyc_ses-day293_task-listening_run-03_events.tsv
monkeyc	day293	listening	04	40	sub-monkeyc/ses-day293/ieeg/sub-monkeyc_ses-day293_task-listening_run-04_events.tsv
monkeyc	day293	listening	05	40	sub-monkeyc/ses-day293/ieeg/sub-monkeyc_ses-day293_task-listening_run-05_events.tsv
monkeyc	day293	listening	06	40	sub-monkeyc/ses-day293/ieeg/sub-monkeyc_ses-day293_task-listening_run-06_events.tsv
monkeyc	day293	reaching	01	39	sub-monkeyc/ses-day293/ieeg/sub-monkeyc_ses-day293_task-reaching_run-01_events.tsv
monkeyc	day293	reaching	02	42	sub-monkeyc/ses-day293/ieeg/sub-monkeyc_ses-day293_task-reaching_run-02_events.tsv
monkeyc	day293	reaching	03	42	sub-monkeyc/ses-day293/ieeg/sub-monkeyc_ses-day293_task-reaching_run-03_events.tsv
monkeyc	day295	pressing	01	16	sub-monkeyc/ses-day295/ieeg/sub-monkeyc_ses-day295_task-pressing_run-01_events.tsv
monkeyc	day295	pressing	02	54	sub-monkeyc/ses-day295/ieeg/sub-monkeyc_ses-day295_task-pressing_run-02_events.tsv
monkeyc	day298	pressing	01	91	sub-monkeyc/ses-day298/ieeg/sub-monkeyc_ses-day298_task-pressing_run-01_events.tsv
monkeyc	day300	sep	01	218	sub-monkeyc/ses-day300/ieeg/sub-monkeyc_ses-day300_task-sep_run-01_events.tsv
monkeyc	day300	sep	02	216	sub-monkeyc/ses-day300/ieeg/sub-monkeyc_ses-day300_task-sep_run-02_events.tsv
monkeyc	day301	listening	01	40	sub-monkeyc/ses-day301/ieeg/sub-monkeyc_ses-day301_task-listening_run-01_events.tsv
monkeyc	day301	listening	02	40	sub-monkeyc/ses-day301/ieeg/sub-monkeyc_ses-day301_task-listening_run-02_events.tsv
monkeyc	day301	listening	03	40	sub-monkeyc/ses-day301/ieeg/sub-monkeyc_ses-day301_task-listening_run-03_events.tsv
monkeyc	day301	listening	04	40	sub-monkeyc/ses-day301/ieeg/sub-monkeyc_ses-day301_task-listening_run-04_events.tsv
monkeyc	day301	pressing	01	105	sub-monkeyc/ses-day301/ieeg/sub-monkeyc_ses-day301_task-pressing_run-01_events.tsv
monkeyc	day305	pressing	01	12	sub-monkeyc/ses-day305/ieeg/sub-monkeyc_ses-day305_task-pressing_run-01_events.tsv
monkeyc	day305	pressing	02	80	sub-monkeyc/ses-day305/ieeg/sub-monkeyc_ses-day305_task-pressing_run-02_events.tsv
monkeyc	day307	listening	01	40	sub-monkeyc/ses-day307/ieeg/sub-monkeyc_ses-day307_task-listening_run-01_events.tsv
monkeyc	day307	listening	02	40	sub-monkeyc/ses-day307/ieeg/sub-monkeyc_ses-day307_task-listening_run-02_events.tsv
monkeyc	day307	listening	03	40	sub-monkeyc/ses-day307/ieeg/sub-monkeyc_ses-day307_task-listening_run-03_events.tsv
monkeyc	day307	listening	04	40	sub-monkeyc/ses-day307/ieeg/sub-monkeyc_ses-day307_task-listening_run-04_events.tsv
monkeyc	day307	reaching	01	58	sub-monkeyc/ses-day307/ieeg/sub-monkeyc_ses-day307_task-reaching_run-01_events.tsv
monkeyc	day307	reaching	02	56	sub-monkeyc/ses-day307/ieeg/sub-monkeyc_ses-day307_task-reaching_run-02_events.tsv
monkeyc	day308	pressing	01	102	sub-monkeyc/ses-day308/ieeg/sub-monkeyc_ses-day308_task-pressing_run-01_events.tsv
monkeyc	day312	pressing	01	80	sub-monkeyc/ses-day312/ieeg/sub-monkeyc_ses-day312_task-pressing_run-01_events.tsv
monkeyc	day312	pressing	02	46	sub-monkeyc/ses-day312/ieeg/sub-monkeyc_ses-day312_task-pressing_run-02_events.tsv
monkeyc	day315	listening	01	40	sub-monkeyc/ses-day315/ieeg/sub-monkeyc_ses-day315_task-listening_run-01_events.tsv
monkeyc	day315	listening	02	40	sub-monkeyc/ses-day315/ieeg/sub-monkeyc_ses-day315_task-listening_run-02_events.tsv
monkeyc	day315	listening	03	40	sub-monkeyc/ses-day315/ieeg/sub-monkeyc_ses-day315_task-listening_run-03_events.tsv
monkeyc	day315	listening	04	40	sub-monkeyc/ses-day315/ieeg/sub-monkeyc_ses-day315_task-listening_run-04_events.tsv
monkeyc	day315	pressing	01	48	sub-monkeyc/ses-day315/ieeg/sub-monkeyc_ses-day315_task-pressing_run-01_events.tsv
monkeyc	day315	pressing	02	26	sub-monkeyc/ses-day315/ieeg/sub-monkeyc_ses-day315_task-pressing_run-02_events.tsv
monkeyc	day319	pressing	01	94	sub-monkeyc/ses-day319/ieeg/sub-monkeyc_ses-day319_task-pressing_run-01_events.tsv
monkeyc	day321	listening	01	40	sub-monkeyc/ses-day321/ieeg/sub-monkeyc_ses-day321_task-listening_run-01_events.tsv
monkeyc	day321	listening	02	40	sub-monkeyc/ses-day321/ieeg/sub-monkeyc_ses-day321_task-listening_run-02_events.tsv
monkeyc	day321	listening	03	40	sub-monkeyc/ses-day321/ieeg/sub-monkeyc_ses-day321_task-listening_run-03_events.tsv
monkeyc	day321	listening	04	40	sub-monkeyc/ses-day321/ieeg/sub-monkeyc_ses-day321_task-listening_run-04_events.tsv
monkeyc	day321	reaching	01	16	sub-monkeyc/ses-day321/ieeg/sub-monkeyc_ses-day321_task-reaching_run-01_events.tsv
monkeyc	day321	reaching	02	26	sub-monkeyc/ses-day321/ieeg/sub-monkeyc_ses-day321_task-reaching_run-02_events.tsv
monkeyc	day321	reaching	03	63	sub-monkeyc/ses-day321/ieeg/sub-monkeyc_ses-day321_task-reaching_run-03_events.tsv
monkeyc	day322	pressing	01	15	sub-monkeyc/ses-day322/ieeg/sub-monkeyc_ses-day322_task-pressing_run-01_events.tsv
monkeyc	day322	pressing	02	35	sub-monkeyc/ses-day322/ieeg/sub-monkeyc_ses-day322_task-pressing_run-02_events.tsv
monkeyc	day326	pressing	01	86	sub-monkeyc/ses-day326/ieeg/sub-monkeyc_ses-day326_task-pressing_run-01_events.tsv
monkeyc	day328	listening	01	40	sub-monkeyc/ses-day328/ieeg/sub-monkeyc_ses-day328_task-listening_run-01_events.tsv
monkeyc	day328	listening	02	40	sub-monkeyc/ses-day328/ieeg/sub-monkeyc_ses-day328_task-listening_run-02_events.tsv
monkeyc	day328	listening	03	40	sub-monkeyc/ses-day328/ieeg/sub-monkeyc_ses-day328_task-listening_run-03_events.tsv
monkeyc	day328	listening	04	40	sub-monkeyc/ses-day328/ieeg/sub-monkeyc_ses-day328_task-listening_run-04_events.tsv
monkeyc	day328	pressing	01	117	sub-monkeyc/ses-day328/ieeg/sub-monkeyc_ses-day328_task-pressing_run-01_events.tsv
monkeyc	day33	pressing	01	45	sub-monkeyc/ses-day33/ieeg/sub-monkeyc_ses-day33_task-pressing_run-01_events.tsv
monkeyc	day33	pressing	02	41	sub-monkeyc/ses-day33/ieeg/sub-monkeyc_ses-day33_task-pressing_run-02_events.tsv
monkeyc	day33	pressing	03	14	sub-monkeyc/ses-day33/ieeg/sub-monkeyc_ses-day33_task-pressing_run-03_events.tsv
monkeyc	day33	pressing	04	45	sub-monkeyc/ses-day33/ieeg/sub-monkeyc_ses-day33_task-pressing_run-04_events.tsv
monkeyc	day334	listening	01	40	sub-monkeyc/ses-day334/ieeg/sub-monkeyc_ses-day334_task-listening_run-01_events.tsv
monkeyc	day334	listening	02	40	sub-monkeyc/ses-day334/ieeg/sub-monkeyc_ses-day334_task-listening_run-02_events.tsv
monkeyc	day334	listening	03	40	sub-monkeyc/ses-day334/ieeg/sub-monkeyc_ses-day334_task-listening_run-03_events.tsv
monkeyc	day334	listening	04	40	sub-monkeyc/ses-day334/ieeg/sub-monkeyc_ses-day334_task-listening_run-04_events.tsv
monkeyc	day334	pressing	01	17	sub-monkeyc/ses-day334/ieeg/sub-monkeyc_ses-day334_task-pressing_run-01_events.tsv
monkeyc	day334	pressing	02	119	sub-monkeyc/ses-day334/ieeg/sub-monkeyc_ses-day334_task-pressing_run-02_events.tsv
monkeyc	day334	reaching	01	35	sub-monkeyc/ses-day334/ieeg/sub-monkeyc_ses-day334_task-reaching_run-01_events.tsv
monkeyc	day334	reaching	02	52	sub-monkeyc/ses-day334/ieeg/sub-monkeyc_ses-day334_task-reaching_run-02_events.tsv
monkeyc	day335	sep	01	225	sub-monkeyc/ses-day335/ieeg/sub-monkeyc_ses-day335_task-sep_run-01_events.tsv
monkeyc	day335	sep	02	236	sub-monkeyc/ses-day335/ieeg/sub-monkeyc_ses-day335_task-sep_run-02_events.tsv
monkeyc	day341	pressing	01	119	sub-monkeyc/ses-day341/ieeg/sub-monkeyc_ses-day341_task-pressing_run-01_events.tsv
monkeyc	day341	pressing	02	101	sub-monkeyc/ses-day341/ieeg/sub-monkeyc_ses-day341_task-pressing_run-02_events.tsv
monkeyc	day342	listening	01	40	sub-monkeyc/ses-day342/ieeg/sub-monkeyc_ses-day342_task-listening_run-01_events.tsv
monkeyc	day342	listening	02	40	sub-monkeyc/ses-day342/ieeg/sub-monkeyc_ses-day342_task-listening_run-02_events.tsv
monkeyc	day342	listening	03	40	sub-monkeyc/ses-day342/ieeg/sub-monkeyc_ses-day342_task-listening_run-03_events.tsv
monkeyc	day342	listening	04	40	sub-monkeyc/ses-day342/ieeg/sub-monkeyc_ses-day342_task-listening_run-04_events.tsv
monkeyc	day342	reaching	01	36	sub-monkeyc/ses-day342/ieeg/sub-monkeyc_ses-day342_task-reaching_run-01_events.tsv
monkeyc	day342	reaching	02	53	sub-monkeyc/ses-day342/ieeg/sub-monkeyc_ses-day342_task-reaching_run-02_events.tsv
monkeyc	day343	pressing	01	111	sub-monkeyc/ses-day343/ieeg/sub-monkeyc_ses-day343_task-pressing_run-01_events.tsv
monkeyc	day348	pressing	01	47	sub-monkeyc/ses-day348/ieeg/sub-monkeyc_ses-day348_task-pressing_run-01_events.tsv
monkeyc	day348	pressing	02	48	sub-monkeyc/ses-day348/ieeg/sub-monkeyc_ses-day348_task-pressing_run-02_events.tsv
monkeyc	day350	listening	01	40	sub-monkeyc/ses-day350/ieeg/sub-monkeyc_ses-day350_task-listening_run-01_events.tsv
monkeyc	day350	listening	02	40	sub-monkeyc/ses-day350/ieeg/sub-monkeyc_ses-day350_task-listening_run-02_events.tsv
monkeyc	day350	listening	03	40	sub-monkeyc/ses-day350/ieeg/sub-monkeyc_ses-day350_task-listening_run-03_events.tsv
monkeyc	day350	listening	04	40	sub-monkeyc/ses-day350/ieeg/sub-monkeyc_ses-day350_task-listening_run-04_events.tsv
monkeyc	day350	pressing	01	47	sub-monkeyc/ses-day350/ieeg/sub-monkeyc_ses-day350_task-pressing_run-01_events.tsv
monkeyc	day355	listening	01	40	sub-monkeyc/ses-day355/ieeg/sub-monkeyc_ses-day355_task-listening_run-01_events.tsv
monkeyc	day355	listening	02	40	sub-monkeyc/ses-day355/ieeg/sub-monkeyc_ses-day355_task-listening_run-02_events.tsv
monkeyc	day355	listening	03	40	sub-monkeyc/ses-day355/ieeg/sub-monkeyc_ses-day355_task-listening_run-03_events.tsv
monkeyc	day355	listening	04	40	sub-monkeyc/ses-day355/ieeg/sub-monkeyc_ses-day355_task-listening_run-04_events.tsv
monkeyc	day355	pressing	01	75	sub-monkeyc/ses-day355/ieeg/sub-monkeyc_ses-day355_task-pressing_run-01_events.tsv
monkeyc	day356	pressing	01	33	sub-monkeyc/ses-day356/ieeg/sub-monkeyc_ses-day356_task-pressing_run-01_events.tsv
monkeyc	day356	pressing	02	29	sub-monkeyc/ses-day356/ieeg/sub-monkeyc_ses-day356_task-pressing_run-02_events.tsv
monkeyc	day356	pressing	03	21	sub-monkeyc/ses-day356/ieeg/sub-monkeyc_ses-day356_task-pressing_run-03_events.tsv
monkeyc	day356	reaching	01	43	sub-monkeyc/ses-day356/ieeg/sub-monkeyc_ses-day356_task-reaching_run-01_events.tsv
monkeyc	day356	reaching	02	51	sub-monkeyc/ses-day356/ieeg/sub-monkeyc_ses-day356_task-reaching_run-02_events.tsv
monkeyc	day36	pressing	01	18	sub-monkeyc/ses-day36/ieeg/sub-monkeyc_ses-day36_task-pressing_run-01_events.tsv
monkeyc	day36	pressing	02	41	sub-monkeyc/ses-day36/ieeg/sub-monkeyc_ses-day36_task-pressing_run-02_events.tsv
monkeyc	day36	pressing	03	27	sub-monkeyc/ses-day36/ieeg/sub-monkeyc_ses-day36_task-pressing_run-03_events.tsv
monkeyc	day36	pressing	04	21	sub-monkeyc/ses-day36/ieeg/sub-monkeyc_ses-day36_task-pressing_run-04_events.tsv
monkeyc	day365	pressing	01	31	sub-monkeyc/ses-day365/ieeg/sub-monkeyc_ses-day365_task-pressing_run-01_events.tsv
monkeyc	day365	pressing	02	22	sub-monkeyc/ses-day365/ieeg/sub-monkeyc_ses-day365_task-pressing_run-02_events.tsv
monkeyc	day368	pressing	01	150	sub-monkeyc/ses-day368/ieeg/sub-monkeyc_ses-day368_task-pressing_run-01_events.tsv
monkeyc	day368	pressing	02	43	sub-monkeyc/ses-day368/ieeg/sub-monkeyc_ses-day368_task-pressing_run-02_events.tsv
monkeyc	day368	pressing	03	54	sub-monkeyc/ses-day368/ieeg/sub-monkeyc_ses-day368_task-pressing_run-03_events.tsv
monkeyc	day368	pressing	04	53	sub-monkeyc/ses-day368/ieeg/sub-monkeyc_ses-day368_task-pressing_run-04_events.tsv
monkeyc	day369	reaching	01	37	sub-monkeyc/ses-day369/ieeg/sub-monkeyc_ses-day369_task-reaching_run-01_events.tsv
monkeyc	day369	reaching	02	42	sub-monkeyc/ses-day369/ieeg/sub-monkeyc_ses-day369_task-reaching_run-02_events.tsv
monkeyc	day371	sep	01	224	sub-monkeyc/ses-day371/ieeg/sub-monkeyc_ses-day371_task-sep_run-01_events.tsv
monkeyc	day371	sep	02	224	sub-monkeyc/ses-day371/ieeg/sub-monkeyc_ses-day371_task-sep_run-02_events.tsv
monkeyc	day385	listening	01	40	sub-monkeyc/ses-day385/ieeg/sub-monkeyc_ses-day385_task-listening_run-01_events.tsv
monkeyc	day385	listening	02	40	sub-monkeyc/ses-day385/ieeg/sub-monkeyc_ses-day385_task-listening_run-02_events.tsv
monkeyc	day385	reaching	01	38	sub-monkeyc/ses-day385/ieeg/sub-monkeyc_ses-day385_task-reaching_run-01_events.tsv
monkeyc	day385	reaching	02	43	sub-monkeyc/ses-day385/ieeg/sub-monkeyc_ses-day385_task-reaching_run-02_events.tsv
monkeyc	day39	pressing	01	17	sub-monkeyc/ses-day39/ieeg/sub-monkeyc_ses-day39_task-pressing_run-01_events.tsv
monkeyc	day39	pressing	02	28	sub-monkeyc/ses-day39/ieeg/sub-monkeyc_ses-day39_task-pressing_run-02_events.tsv
monkeyc	day39	pressing	03	17	sub-monkeyc/ses-day39/ieeg/sub-monkeyc_ses-day39_task-pressing_run-03_events.tsv
monkeyc	day39	pressing	04	32	sub-monkeyc/ses-day39/ieeg/sub-monkeyc_ses-day39_task-pressing_run-04_events.tsv
monkeyc	day39	pressing	05	33	sub-monkeyc/ses-day39/ieeg/sub-monkeyc_ses-day39_task-pressing_run-05_events.tsv
monkeyc	day396	reaching	01	36	sub-monkeyc/ses-day396/ieeg/sub-monkeyc_ses-day396_task-reaching_run-01_events.tsv
monkeyc	day396	reaching	02	36	sub-monkeyc/ses-day396/ieeg/sub-monkeyc_ses-day396_task-reaching_run-02_events.tsv
monkeyc	day397	pressing	01	19	sub-monkeyc/ses-day397/ieeg/sub-monkeyc_ses-day397_task-pressing_run-01_events.tsv
monkeyc	day397	pressing	02	31	sub-monkeyc/ses-day397/ieeg/sub-monkeyc_ses-day397_task-pressing_run-02_events.tsv
monkeyc	day397	pressing	03	20	sub-monkeyc/ses-day397/ieeg/sub-monkeyc_ses-day397_task-pressing_run-03_events.tsv
monkeyc	day397	pressing	04	17	sub-monkeyc/ses-day397/ieeg/sub-monkeyc_ses-day397_task-pressing_run-04_events.tsv
monkeyc	day397	pressing	05	13	sub-monkeyc/ses-day397/ieeg/sub-monkeyc_ses-day397_task-pressing_run-05_events.tsv
monkeyc	day397	pressing	06	32	sub-monkeyc/ses-day397/ieeg/sub-monkeyc_ses-day397_task-pressing_run-06_events.tsv
monkeyc	day403	pressing	01	69	sub-monkeyc/ses-day403/ieeg/sub-monkeyc_ses-day403_task-pressing_run-01_events.tsv
monkeyc	day403	pressing	02	45	sub-monkeyc/ses-day403/ieeg/sub-monkeyc_ses-day403_task-pressing_run-02_events.tsv
monkeyc	day403	pressing	03	12	sub-monkeyc/ses-day403/ieeg/sub-monkeyc_ses-day403_task-pressing_run-03_events.tsv
monkeyc	day407	pressing	01	38	sub-monkeyc/ses-day407/ieeg/sub-monkeyc_ses-day407_task-pressing_run-01_events.tsv
monkeyc	day407	pressing	02	24	sub-monkeyc/ses-day407/ieeg/sub-monkeyc_ses-day407_task-pressing_run-02_events.tsv
monkeyc	day41	pressing	01	40	sub-monkeyc/ses-day41/ieeg/sub-monkeyc_ses-day41_task-pressing_run-01_events.tsv
monkeyc	day41	pressing	02	40	sub-monkeyc/ses-day41/ieeg/sub-monkeyc_ses-day41_task-pressing_run-02_events.tsv
monkeyc	day41	pressing	03	3	sub-monkeyc/ses-day41/ieeg/sub-monkeyc_ses-day41_task-pressing_run-03_events.tsv
monkeyc	day41	pressing	04	39	sub-monkeyc/ses-day41/ieeg/sub-monkeyc_ses-day41_task-pressing_run-04_events.tsv
monkeyc	day41	pressing	05	31	sub-monkeyc/ses-day41/ieeg/sub-monkeyc_ses-day41_task-pressing_run-05_events.tsv
monkeyc	day41	pressing	06	4	sub-monkeyc/ses-day41/ieeg/sub-monkeyc_ses-day41_task-pressing_run-06_events.tsv
monkeyc	day41	pressing	07	34	sub-monkeyc/ses-day41/ieeg/sub-monkeyc_ses-day41_task-pressing_run-07_events.tsv
monkeyc	day410	sep	01	232	sub-monkeyc/ses-day410/ieeg/sub-monkeyc_ses-day410_task-sep_run-01_events.tsv
monkeyc	day410	sep	02	230	sub-monkeyc/ses-day410/ieeg/sub-monkeyc_ses-day410_task-sep_run-02_events.tsv
monkeyc	day413	reaching	01	42	sub-monkeyc/ses-day413/ieeg/sub-monkeyc_ses-day413_task-reaching_run-01_events.tsv
monkeyc	day413	reaching	02	43	sub-monkeyc/ses-day413/ieeg/sub-monkeyc_ses-day413_task-reaching_run-02_events.tsv
monkeyc	day418	listening	01	40	sub-monkeyc/ses-day418/ieeg/sub-monkeyc_ses-day418_task-listening_run-01_events.tsv
monkeyc	day418	listening	02	40	sub-monkeyc/ses-day418/ieeg/sub-monkeyc_ses-day418_task-listening_run-02_events.tsv
monkeyc	day418	listening	03	40	sub-monkeyc/ses-day418/ieeg/sub-monkeyc_ses-day418_task-listening_run-03_events.tsv
monkeyc	day418	listening	04	40	sub-monkeyc/ses-day418/ieeg/sub-monkeyc_ses-day418_task-listening_run-04_events.tsv
monkeyc	day420	pressing	01	5	sub-monkeyc/ses-day420/ieeg/sub-monkeyc_ses-day420_task-pressing_run-01_events.tsv
monkeyc	day420	pressing	02	111	sub-monkeyc/ses-day420/ieeg/sub-monkeyc_ses-day420_task-pressing_run-02_events.tsv
monkeyc	day426	pressing	01	99	sub-monkeyc/ses-day426/ieeg/sub-monkeyc_ses-day426_task-pressing_run-01_events.tsv
monkeyc	day426	reaching	01	44	sub-monkeyc/ses-day426/ieeg/sub-monkeyc_ses-day426_task-reaching_run-01_events.tsv
monkeyc	day426	reaching	02	55	sub-monkeyc/ses-day426/ieeg/sub-monkeyc_ses-day426_task-reaching_run-02_events.tsv
monkeyc	day432	listening	01	40	sub-monkeyc/ses-day432/ieeg/sub-monkeyc_ses-day432_task-listening_run-01_events.tsv
monkeyc	day432	listening	02	40	sub-monkeyc/ses-day432/ieeg/sub-monkeyc_ses-day432_task-listening_run-02_events.tsv
monkeyc	day432	listening	03	40	sub-monkeyc/ses-day432/ieeg/sub-monkeyc_ses-day432_task-listening_run-03_events.tsv
monkeyc	day432	listening	04	40	sub-monkeyc/ses-day432/ieeg/sub-monkeyc_ses-day432_task-listening_run-04_events.tsv
monkeyc	day432	pressing	01	114	sub-monkeyc/ses-day432/ieeg/sub-monkeyc_ses-day432_task-pressing_run-01_events.tsv
monkeyc	day433	pressing	01	32	sub-monkeyc/ses-day433/ieeg/sub-monkeyc_ses-day433_task-pressing_run-01_events.tsv
monkeyc	day433	pressing	02	37	sub-monkeyc/ses-day433/ieeg/sub-monkeyc_ses-day433_task-pressing_run-02_events.tsv
monkeyc	day433	pressing	03	39	sub-monkeyc/ses-day433/ieeg/sub-monkeyc_ses-day433_task-pressing_run-03_events.tsv
monkeyc	day439	pressing	01	110	sub-monkeyc/ses-day439/ieeg/sub-monkeyc_ses-day439_task-pressing_run-01_events.tsv
monkeyc	day439	reaching	01	34	sub-monkeyc/ses-day439/ieeg/sub-monkeyc_ses-day439_task-reaching_run-01_events.tsv
monkeyc	day439	reaching	02	36	sub-monkeyc/ses-day439/ieeg/sub-monkeyc_ses-day439_task-reaching_run-02_events.tsv
monkeyc	day446	listening	01	40	sub-monkeyc/ses-day446/ieeg/sub-monkeyc_ses-day446_task-listening_run-01_events.tsv
monkeyc	day446	listening	02	40	sub-monkeyc/ses-day446/ieeg/sub-monkeyc_ses-day446_task-listening_run-02_events.tsv
monkeyc	day446	listening	03	40	sub-monkeyc/ses-day446/ieeg/sub-monkeyc_ses-day446_task-listening_run-03_events.tsv
monkeyc	day446	listening	04	40	sub-monkeyc/ses-day446/ieeg/sub-monkeyc_ses-day446_task-listening_run-04_events.tsv
monkeyc	day446	pressing	01	4	sub-monkeyc/ses-day446/ieeg/sub-monkeyc_ses-day446_task-pressing_run-01_events.tsv
monkeyc	day446	pressing	02	89	sub-monkeyc/ses-day446/ieeg/sub-monkeyc_ses-day446_task-pressing_run-02_events.tsv
monkeyc	day446	pressing	03	32	sub-monkeyc/ses-day446/ieeg/sub-monkeyc_ses-day446_task-pressing_run-03_events.tsv
monkeyc	day452	pressing	01	117	sub-monkeyc/ses-day452/ieeg/sub-monkeyc_ses-day452_task-pressing_run-01_events.tsv
monkeyc	day452	reaching	01	38	sub-monkeyc/ses-day452/ieeg/sub-monkeyc_ses-day452_task-reaching_run-01_events.tsv
monkeyc	day452	reaching	02	46	sub-monkeyc/ses-day452/ieeg/sub-monkeyc_ses-day452_task-reaching_run-02_events.tsv
monkeyc	day453	listening	01	40	sub-monkeyc/ses-day453/ieeg/sub-monkeyc_ses-day453_task-listening_run-01_events.tsv
monkeyc	day453	listening	02	40	sub-monkeyc/ses-day453/ieeg/sub-monkeyc_ses-day453_task-listening_run-02_events.tsv
monkeyc	day453	listening	03	40	sub-monkeyc/ses-day453/ieeg/sub-monkeyc_ses-day453_task-listening_run-03_events.tsv
monkeyc	day453	listening	04	40	sub-monkeyc/ses-day453/ieeg/sub-monkeyc_ses-day453_task-listening_run-04_events.tsv
monkeyc	day462	pressing	01	63	sub-monkeyc/ses-day462/ieeg/sub-monkeyc_ses-day462_task-pressing_run-01_events.tsv
monkeyc	day462	pressing	02	13	sub-monkeyc/ses-day462/ieeg/sub-monkeyc_ses-day462_task-pressing_run-02_events.tsv
monkeyc	day462	pressing	03	32	sub-monkeyc/ses-day462/ieeg/sub-monkeyc_ses-day462_task-pressing_run-03_events.tsv
monkeyc	day462	reaching	01	14	sub-monkeyc/ses-day462/ieeg/sub-monkeyc_ses-day462_task-reaching_run-01_events.tsv
monkeyc	day462	reaching	02	22	sub-monkeyc/ses-day462/ieeg/sub-monkeyc_ses-day462_task-reaching_run-02_events.tsv
monkeyc	day462	reaching	03	51	sub-monkeyc/ses-day462/ieeg/sub-monkeyc_ses-day462_task-reaching_run-03_events.tsv
monkeyc	day466	listening	01	40	sub-monkeyc/ses-day466/ieeg/sub-monkeyc_ses-day466_task-listening_run-01_events.tsv
monkeyc	day466	listening	02	40	sub-monkeyc/ses-day466/ieeg/sub-monkeyc_ses-day466_task-listening_run-02_events.tsv
monkeyc	day466	listening	03	40	sub-monkeyc/ses-day466/ieeg/sub-monkeyc_ses-day466_task-listening_run-03_events.tsv
monkeyc	day466	listening	04	40	sub-monkeyc/ses-day466/ieeg/sub-monkeyc_ses-day466_task-listening_run-04_events.tsv
monkeyc	day466	pressing	01	117	sub-monkeyc/ses-day466/ieeg/sub-monkeyc_ses-day466_task-pressing_run-01_events.tsv
monkeyc	day469	reaching	01	37	sub-monkeyc/ses-day469/ieeg/sub-monkeyc_ses-day469_task-reaching_run-01_events.tsv
monkeyc	day469	reaching	02	37	sub-monkeyc/ses-day469/ieeg/sub-monkeyc_ses-day469_task-reaching_run-02_events.tsv
monkeyc	day476	sep	01	223	sub-monkeyc/ses-day476/ieeg/sub-monkeyc_ses-day476_task-sep_run-01_events.tsv
monkeyc	day476	sep	02	233	sub-monkeyc/ses-day476/ieeg/sub-monkeyc_ses-day476_task-sep_run-02_events.tsv
monkeyc	day48	sep	01	209	sub-monkeyc/ses-day48/ieeg/sub-monkeyc_ses-day48_task-sep_run-01_events.tsv
monkeyc	day48	sep	02	205	sub-monkeyc/ses-day48/ieeg/sub-monkeyc_ses-day48_task-sep_run-02_events.tsv
monkeyc	day48	sep	03	205	sub-monkeyc/ses-day48/ieeg/sub-monkeyc_ses-day48_task-sep_run-03_events.tsv
monkeyc	day48	sep	04	205	sub-monkeyc/ses-day48/ieeg/sub-monkeyc_ses-day48_task-sep_run-04_events.tsv
monkeyc	day53	pressing	01	57	sub-monkeyc/ses-day53/ieeg/sub-monkeyc_ses-day53_task-pressing_run-01_events.tsv
monkeyc	day53	pressing	02	42	sub-monkeyc/ses-day53/ieeg/sub-monkeyc_ses-day53_task-pressing_run-02_events.tsv
monkeyc	day53	pressing	03	31	sub-monkeyc/ses-day53/ieeg/sub-monkeyc_ses-day53_task-pressing_run-03_events.tsv
monkeyc	day57	pressing	01	49	sub-monkeyc/ses-day57/ieeg/sub-monkeyc_ses-day57_task-pressing_run-01_events.tsv
monkeyc	day57	pressing	02	74	sub-monkeyc/ses-day57/ieeg/sub-monkeyc_ses-day57_task-pressing_run-02_events.tsv
monkeyc	day57	pressing	03	20	sub-monkeyc/ses-day57/ieeg/sub-monkeyc_ses-day57_task-pressing_run-03_events.tsv
monkeyc	day75	pressing	01	40	sub-monkeyc/ses-day75/ieeg/sub-monkeyc_ses-day75_task-pressing_run-01_events.tsv
monkeyc	day75	pressing	02	26	sub-monkeyc/ses-day75/ieeg/sub-monkeyc_ses-day75_task-pressing_run-02_events.tsv
monkeyc	day82	pressing	01	60	sub-monkeyc/ses-day82/ieeg/sub-monkeyc_ses-day82_task-pressing_run-01_events.tsv
monkeyc	day91	pressing	01	86	sub-monkeyc/ses-day91/ieeg/sub-monkeyc_ses-day91_task-pressing_run-01_events.tsv
monkeyc	day91	pressing	02	44	sub-monkeyc/ses-day91/ieeg/sub-monkeyc_ses-day91_task-pressing_run-02_events.tsv
monkeyc	day95	pressing	01	11	sub-monkeyc/ses-day95/ieeg/sub-monkeyc_ses-day95_task-pressing_run-01_events.tsv
monkeyc	day95	pressing	02	93	sub-monkeyc/ses-day95/ieeg/sub-monkeyc_ses-day95_task-pressing_run-02_events.tsv
